@00000000
93 00 00 00 93 01 00 00 13 02 00 00 93 02 00 00
13 03 00 00 93 03 00 00 13 04 00 00 93 04 00 00
13 05 00 00 93 05 00 00 13 06 00 00 93 06 00 00
13 07 00 00 93 07 00 00 13 08 00 00 93 08 00 00
13 09 00 00 93 09 00 00 13 0A 00 00 93 0A 00 00
13 0B 00 00 93 0B 00 00 13 0C 00 00 93 0C 00 00
13 0D 00 00 93 0D 00 00 13 0E 00 00 93 0E 00 00
13 0F 00 00 93 0F 00 00 13 05 00 00 23 20 A5 00
13 05 45 00 E3 4C 25 FE 17 45 01 00 13 05 05 FB
97 05 00 D4 93 85 05 F7 17 06 00 D4 13 06 C6 F8
63 DC C5 00 83 26 05 00 23 A0 D5 00 13 05 45 00
93 85 45 00 E3 C8 C5 FE 17 05 00 D4 13 05 C5 F6
97 85 00 D4 93 85 05 FB 63 58 B5 00 23 20 05 00
13 05 45 00 E3 4C B5 FE EF 30 80 1F 6F 00 00 00
B7 02 00 02 13 03 00 12 23 90 62 00 A3 81 02 00
63 08 06 02 13 0F 80 00 93 73 F6 0F 93 DE 73 00
23 80 D2 01 93 EE 0E 01 23 80 D2 01 93 93 13 00
93 F3 F3 0F 13 0F FF FF E3 12 0F FE 23 80 62 00
63 86 05 04 13 0F 80 00 83 43 05 00 93 DE 73 00
23 80 D2 01 93 EE 0E 01 23 80 D2 01 83 CE 02 00
93 FE 2E 00 93 DE 1E 00 93 93 13 00 B3 E3 D3 01
93 F3 F3 0F 13 0F FF FF E3 1A 0F FC 23 00 75 00
13 05 15 00 93 85 F5 FF 6F F0 9F FB 13 03 00 08
A3 81 62 00 67 80 00 00 13 01 01 FF 93 07 06 FE
23 26 81 00 23 24 91 00 23 22 21 01 93 F7 F7 0F
13 07 E0 05 63 74 F7 00 13 06 E0 02 13 06 06 FE
13 16 36 00 37 43 00 30 37 0E 00 04 B7 0E 01 00
13 8F 85 00 13 03 C3 AF 33 06 B6 40 93 0F 00 08
93 03 F0 07 93 02 80 00 13 0E 4E 06 93 8E FE FF
13 94 06 01 B7 04 FF FF B3 07 B6 00 B3 07 F3 00
03 C9 07 00 13 08 00 00 B3 D7 0F 41 B3 F7 27 01
63 8E 07 02 B3 08 A8 00 B3 E7 15 01 63 E8 F3 02
13 D7 18 40 93 97 65 00 B3 87 E7 00 93 97 27 00
B3 07 FE 00 93 F8 18 00 03 A7 07 00 63 8A 08 02
33 77 97 00 33 67 D7 00 23 A0 E7 00 13 08 18 00
E3 1C 58 FA 93 85 15 00 E3 10 BF FA 03 24 C1 00
83 24 81 00 03 29 41 00 13 01 01 01 67 80 00 00
33 77 D7 01 33 67 87 00 6F F0 1F FD 13 01 01 FD
23 22 91 02 23 20 21 03 23 2E 31 01 23 26 11 02
23 24 81 02 23 2C 41 01 93 04 05 00 13 89 05 00
93 89 06 00 63 58 06 06 33 06 C0 40 13 16 06 01
13 56 06 41 13 07 10 00 13 04 00 00 13 0A 81 00
93 05 70 00 93 06 A0 00 63 54 C0 00 63 1C B4 06
63 0E 07 00 13 85 04 00 93 86 09 00 13 06 D0 02
93 05 09 00 EF F0 5F EB 93 84 84 00 33 04 8A 00
63 18 8A 06 83 20 C1 02 03 24 81 02 83 24 41 02
03 29 01 02 83 29 C1 01 03 2A 81 01 13 01 01 03
67 80 00 00 63 06 06 00 13 07 00 00 6F F0 DF F9
03 24 81 02 83 20 C1 02 83 24 41 02 03 29 01 02
83 29 C1 01 03 2A 81 01 13 06 00 03 13 01 01 03
6F F0 9F E5 B3 67 D6 02 33 05 8A 00 13 04 14 00
93 87 07 03 33 46 D6 02 23 00 F5 00 6F F0 DF F6
03 46 F4 FF 13 85 04 00 93 86 09 00 93 05 09 00
EF F0 9F E2 13 04 F4 FF 93 84 84 00 6F F0 5F F7
63 58 05 00 33 05 A0 40 13 15 05 01 13 55 05 41
37 17 00 00 13 07 07 77 93 07 05 00 63 54 A7 00
93 07 07 00 13 95 07 01 B7 57 00 00 93 87 07 E2
13 55 05 41 33 05 F5 02 B7 17 00 00 93 87 07 77
33 45 F5 02 13 15 05 01 13 55 05 41 67 80 00 00
13 01 01 FE 23 26 31 01 B7 09 01 00 23 2C 81 00
23 2A 91 00 23 28 21 01 23 24 41 01 23 2E 11 00
13 09 05 00 13 84 05 00 93 04 00 00 93 89 F9 FF
13 0A 80 07 03 46 04 00 63 12 06 02 83 20 C1 01
03 24 81 01 83 24 41 01 03 29 01 01 83 29 C1 00
03 2A 81 00 13 01 01 02 67 80 00 00 13 85 04 00
93 86 09 00 93 05 09 00 93 84 84 00 13 04 14 00
EF F0 9F D5 E3 50 9A FC 13 09 89 00 93 04 00 00
6F F0 5F FB B7 07 00 04 93 87 47 06 37 87 00 00
33 87 E7 00 23 A0 07 00 93 87 47 00 E3 9C E7 FE
67 80 00 00 37 07 00 03 83 26 47 00 93 07 10 00
B3 97 B7 00 B3 E7 D7 00 23 22 F7 00 67 80 00 00
37 07 00 03 83 26 47 00 93 07 10 00 B3 97 B7 00
93 C7 F7 FF B3 F7 D7 00 23 22 F7 00 67 80 00 00
93 07 10 00 B3 95 B7 00 63 1C F6 00 B7 07 00 03
03 A7 07 00 B3 E5 E5 00 23 A0 B7 00 67 80 00 00
B7 07 00 03 03 A7 07 00 93 C5 F5 FF B3 F5 E5 00
6F F0 9F FE B7 07 00 03 03 A5 07 00 33 55 B5 00
13 75 15 00 67 80 00 00 67 80 00 00 67 80 00 00
67 80 00 00 67 80 00 00 37 07 01 00 37 76 00 03
13 07 F7 FF 93 06 10 00 83 27 06 00 B3 F7 E7 00
E3 9C D7 FE 67 80 00 00 63 18 05 02 B7 77 00 03
13 07 00 01 23 A0 E7 00 23 A0 07 00 23 A2 07 02
B7 77 00 03 23 AA 07 00 03 A7 05 00 B7 77 00 03
23 A2 E7 00 67 80 00 00 13 05 F0 FF 67 80 00 00
13 05 00 00 67 80 00 00 13 01 01 FF 23 26 11 00
B7 77 00 03 37 07 08 00 23 A8 E7 00 93 95 85 01
B7 77 00 03 23 AC B7 00 13 07 20 10 B7 77 00 03
23 A0 E7 00 EF F0 5F F7 83 20 C1 00 13 05 00 00
13 01 01 01 67 80 00 00 13 01 01 FF 23 26 11 00
B7 77 00 03 37 07 08 00 23 A8 E7 00 93 95 85 01
B7 77 00 03 23 AC B7 00 13 07 20 10 B7 77 00 03
23 A0 E7 00 EF F0 5F F3 83 20 C1 00 13 05 00 00
13 01 01 01 67 80 00 00 13 01 01 FF 23 26 11 00
B7 77 00 03 37 07 10 00 23 A8 E7 00 93 95 05 01
B7 77 00 03 23 AC B7 00 13 07 20 10 B7 77 00 03
23 A0 E7 00 EF F0 5F EF 83 20 C1 00 13 05 00 00
13 01 01 01 67 80 00 00 13 01 01 FF 23 26 11 00
B7 77 00 03 37 07 10 00 23 A8 E7 00 93 95 05 01
B7 77 00 03 23 AC B7 00 13 07 20 10 B7 77 00 03
23 A0 E7 00 EF F0 5F EB 83 20 C1 00 13 05 00 00
13 01 01 01 67 80 00 00 13 01 01 FF 23 26 11 00
B7 77 00 03 37 07 20 00 23 A8 E7 00 B7 77 00 03
23 AC B7 00 13 07 20 10 B7 77 00 03 23 A0 E7 00
EF F0 9F E7 83 20 C1 00 13 05 00 00 13 01 01 01
67 80 00 00 13 01 01 FF 23 26 11 00 B7 77 00 03
37 07 20 00 23 A8 E7 00 B7 77 00 03 23 AC B7 00
13 07 20 10 B7 77 00 03 23 A0 E7 00 EF F0 DF E3
83 20 C1 00 13 05 00 00 13 01 01 01 67 80 00 00
13 01 01 FF 23 26 11 00 B7 77 00 03 37 07 40 00
23 A8 E7 00 B7 77 00 03 23 AC B7 00 23 AC C7 00
13 07 20 10 B7 77 00 03 23 A0 E7 00 EF F0 DF DF
83 20 C1 00 13 05 00 00 13 01 01 01 67 80 00 00
13 01 01 FF 23 26 11 00 B7 77 00 03 37 07 40 00
23 A8 E7 00 B7 77 00 03 23 AC B7 00 23 AC C7 00
13 07 20 10 B7 77 00 03 23 A0 E7 00 EF F0 DF DB
83 20 C1 00 13 05 00 00 13 01 01 01 67 80 00 00
13 01 01 FF 23 26 11 00 37 75 00 03 37 03 00 01
23 28 65 00 37 75 00 03 23 2C B5 00 23 2C C5 00
23 2C D5 00 23 2C E5 00 23 2C F5 00 23 2C 05 01
23 2C 15 01 83 27 01 01 13 07 20 10 23 2C F5 00
B7 77 00 03 23 A0 E7 00 EF F0 1F D6 83 20 C1 00
13 05 00 00 13 01 01 01 67 80 00 00 13 01 01 FF
23 26 11 00 37 75 00 03 37 03 00 01 23 28 65 00
37 75 00 03 23 2C B5 00 23 2C C5 00 23 2C D5 00
23 2C E5 00 23 2C F5 00 23 2C 05 01 23 2C 15 01
83 27 01 01 13 07 20 10 23 2C F5 00 B7 77 00 03
23 A0 E7 00 EF F0 5F D0 83 20 C1 00 13 05 00 00
13 01 01 01 67 80 00 00 13 01 01 FF 23 26 11 00
37 75 00 03 37 03 00 02 23 28 65 00 37 75 00 03
23 2C B5 00 23 2C C5 00 23 2C D5 00 23 2C E5 00
23 2C F5 00 23 2C 05 01 23 2C 15 01 83 27 01 01
13 07 20 10 23 2C F5 00 83 27 41 01 23 2C F5 00
83 27 81 01 23 2C F5 00 83 27 C1 01 23 2C F5 00
83 27 01 02 23 2C F5 00 83 27 41 02 23 2C F5 00
83 27 81 02 23 2C F5 00 83 27 C1 02 23 2C F5 00
83 27 01 03 23 2C F5 00 B7 77 00 03 23 A0 E7 00
EF F0 9F C6 83 20 C1 00 13 05 00 00 13 01 01 01
67 80 00 00 13 01 01 FF 23 26 11 00 37 75 00 03
37 03 00 02 23 28 65 00 37 75 00 03 23 2C B5 00
23 2C C5 00 23 2C D5 00 23 2C E5 00 23 2C F5 00
23 2C 05 01 23 2C 15 01 83 27 01 01 13 07 20 10
23 2C F5 00 83 27 41 01 23 2C F5 00 83 27 81 01
23 2C F5 00 83 27 C1 01 23 2C F5 00 83 27 01 02
23 2C F5 00 83 27 41 02 23 2C F5 00 83 27 81 02
23 2C F5 00 83 27 C1 02 23 2C F5 00 83 27 01 03
23 2C F5 00 B7 77 00 03 23 A0 E7 00 EF F0 DF BC
83 20 C1 00 13 05 00 00 13 01 01 01 67 80 00 00
13 01 01 FF 23 26 11 00 37 75 00 03 37 03 00 04
23 28 65 00 37 75 00 03 23 2C B5 00 23 2C C5 00
23 2C D5 00 23 2C E5 00 23 2C F5 00 23 2C 05 01
23 2C 15 01 83 27 01 01 13 07 20 10 13 05 85 01
23 20 F5 00 83 27 41 01 23 20 F5 00 83 27 81 01
23 20 F5 00 83 27 C1 01 23 20 F5 00 83 27 01 02
23 20 F5 00 83 27 41 02 23 20 F5 00 83 27 81 02
23 20 F5 00 83 27 C1 02 23 20 F5 00 83 27 01 03
23 20 F5 00 83 27 41 03 23 20 F5 00 83 27 81 03
23 20 F5 00 83 27 C1 03 23 20 F5 00 83 27 01 04
23 20 F5 00 83 27 41 04 23 20 F5 00 83 27 81 04
23 20 F5 00 83 27 C1 04 23 20 F5 00 83 27 01 05
23 20 F5 00 83 27 41 05 23 20 F5 00 83 27 81 05
23 20 F5 00 83 27 C1 05 23 20 F5 00 83 27 01 06
23 20 F5 00 83 27 41 06 23 20 F5 00 83 27 81 06
23 20 F5 00 83 27 C1 06 23 20 F5 00 83 27 01 07
23 20 F5 00 B7 77 00 03 23 A0 E7 00 EF F0 DF AA
83 20 C1 00 13 05 00 00 13 01 01 01 67 80 00 00
13 01 01 FF 23 26 11 00 37 75 00 03 37 03 00 04
23 28 65 00 37 75 00 03 23 2C B5 00 23 2C C5 00
23 2C D5 00 23 2C E5 00 23 2C F5 00 23 2C 05 01
23 2C 15 01 83 27 01 01 13 07 20 10 13 05 85 01
23 20 F5 00 83 27 41 01 23 20 F5 00 83 27 81 01
23 20 F5 00 83 27 C1 01 23 20 F5 00 83 27 01 02
23 20 F5 00 83 27 41 02 23 20 F5 00 83 27 81 02
23 20 F5 00 83 27 C1 02 23 20 F5 00 83 27 01 03
23 20 F5 00 83 27 41 03 23 20 F5 00 83 27 81 03
23 20 F5 00 83 27 C1 03 23 20 F5 00 83 27 01 04
23 20 F5 00 83 27 41 04 23 20 F5 00 83 27 81 04
23 20 F5 00 83 27 C1 04 23 20 F5 00 83 27 01 05
23 20 F5 00 83 27 41 05 23 20 F5 00 83 27 81 05
23 20 F5 00 83 27 C1 05 23 20 F5 00 83 27 01 06
23 20 F5 00 83 27 41 06 23 20 F5 00 83 27 81 06
23 20 F5 00 83 27 C1 06 23 20 F5 00 83 27 01 07
23 20 F5 00 B7 77 00 03 23 A0 E7 00 EF F0 DF 98
83 20 C1 00 13 05 00 00 13 01 01 01 67 80 00 00
93 07 00 00 63 14 F6 00 67 80 00 00 33 87 F5 00
83 46 07 00 33 07 F5 00 93 87 17 00 23 00 D7 00
6F F0 5F FE 33 06 C5 00 93 07 05 00 63 94 C7 00
67 80 00 00 93 87 17 00 A3 8F B7 FE 6F F0 1F FF
93 07 05 00 13 05 00 00 33 87 A7 00 03 47 07 00
63 14 07 00 67 80 00 00 13 05 15 00 6F F0 DF FE
13 07 00 00 63 16 E6 00 13 05 00 00 67 80 00 00
B3 07 E5 00 13 07 17 00 B3 86 E5 00 83 C7 07 00
83 C6 F6 FF E3 80 D7 FE 33 85 D7 40 67 80 00 00
93 F5 F5 0F 83 47 05 00 63 88 B7 00 13 05 15 00
E3 9A 07 FE 13 05 00 00 67 80 00 00 03 47 05 00
83 C7 05 00 63 06 07 00 63 84 07 00 63 06 F7 00
33 05 F7 40 67 80 00 00 13 05 15 00 93 85 15 00
6F F0 DF FD 63 78 B5 00 93 07 00 00 63 10 F6 04
67 80 00 00 13 08 F6 FF B3 86 05 01 E3 E6 A6 FE
33 06 C0 40 93 07 00 00 63 14 F6 00 67 80 00 00
33 87 F6 00 83 45 07 00 33 87 07 01 33 07 E5 00
23 00 B7 00 93 87 F7 FF 6F F0 1F FE 33 87 F5 00
83 46 07 00 33 07 F5 00 93 87 17 00 23 00 D7 00
6F F0 DF FA 93 07 05 00 03 C7 05 00 93 85 15 00
93 87 17 00 A3 8F E7 FE E3 18 07 FE 67 80 00 00
13 07 00 00 63 16 C7 00 13 05 00 00 67 80 00 00
B3 07 E5 00 B3 86 E5 00 83 C7 07 00 83 C6 06 00
63 94 D7 00 63 96 07 00 33 85 D7 40 67 80 00 00
13 07 17 00 6F F0 1F FD 63 0C B5 04 63 0A 06 04
63 FA A5 02 B3 86 C5 00 63 76 D5 02 93 45 F6 FF
93 07 F0 FF 33 87 F6 00 03 48 07 00 33 07 F6 00
33 07 E5 00 23 00 07 01 93 87 F7 FF E3 94 F5 FE
67 80 00 00 93 07 00 00 33 87 F5 00 83 46 07 00
33 07 F5 00 93 87 17 00 23 00 D7 00 E3 16 F6 FE
67 80 00 00 13 01 01 FF 63 58 05 04 33 05 A0 40
13 07 10 00 13 08 41 00 93 07 00 00 13 03 A0 00
B3 68 65 02 93 87 17 00 13 08 18 00 33 45 65 02
93 88 08 03 A3 0F 18 FF E3 14 05 FE 63 08 07 02
13 08 00 03 63 94 06 03 13 05 D0 02 23 80 A5 00
13 05 07 00 6F 00 80 01 63 10 05 08 93 07 00 03
23 02 F1 00 13 07 00 00 93 07 10 00 33 06 A6 00
33 88 E7 00 B3 08 A6 40 63 44 18 07 13 06 05 00
63 0E 07 00 13 07 00 03 63 8A E6 00 13 06 15 00
13 07 D0 02 33 85 A5 00 23 00 E5 00 B3 86 C5 00
13 87 07 00 13 07 F7 FF 13 05 41 00 33 05 E5 00
03 45 05 00 93 86 16 00 A3 8F A6 FE E3 14 07 FE
B3 85 F5 00 B3 85 C5 00 23 80 05 00 33 85 C7 00
13 01 01 01 67 80 00 00 13 07 00 00 6F F0 9F F3
B3 88 A5 00 23 80 D8 00 13 05 15 00 6F F0 9F F8
13 01 01 FE 63 0A 06 06 37 46 01 30 13 06 46 F1
63 1A 05 06 93 07 00 03 23 06 F1 00 93 07 10 00
13 86 05 00 33 88 D5 00 33 05 C8 40 63 C2 A7 08
13 05 00 00 63 C4 F6 00 33 85 F6 40 B3 86 A5 00
13 87 07 00 13 07 F7 FF 13 06 C1 00 33 06 E6 00
03 46 06 00 93 86 16 00 A3 8F C6 FE E3 14 07 FE
B3 85 F5 00 B3 85 A5 00 23 80 05 00 33 85 A7 00
13 01 01 02 67 80 00 00 37 46 01 30 13 06 86 F2
6F F0 1F F9 13 08 C1 00 93 07 00 00 93 78 F5 00
B3 08 16 01 83 C8 08 00 13 55 45 00 93 87 17 00
23 00 18 01 13 08 18 00 E3 12 05 FE 6F F0 5F F7
23 00 E6 00 13 06 16 00 6F F0 1F F7 13 01 01 FF
23 24 81 00 23 22 91 00 23 26 11 00 93 04 05 00
13 04 00 00 B3 87 84 00 03 C5 07 00 63 1E 05 00
83 20 C1 00 13 05 04 00 03 24 81 00 83 24 41 00
13 01 01 01 67 80 00 00 EF 20 00 01 13 04 14 00
6F F0 5F FD 13 01 01 FA 23 2C 81 04 23 2A 91 04
23 28 21 05 23 26 31 05 23 24 41 05 23 22 51 05
23 20 61 05 23 2E 71 03 23 2C 81 03 23 2E 11 04
23 2A 91 03 13 09 05 00 93 84 05 00 13 04 00 00
93 09 50 02 13 0A 00 03 93 0A 90 00 13 0B A0 00
93 0B 80 07 13 0C 20 06 03 45 09 00 63 1E 05 02
83 20 C1 05 13 05 04 00 03 24 81 05 83 24 41 05
03 29 01 05 83 29 C1 04 03 2A 81 04 83 2A 41 04
03 2B 01 04 83 2B C1 03 03 2C 81 03 83 2C 41 03
13 01 01 06 67 80 00 00 63 18 35 15 03 47 19 00
63 04 07 14 63 10 47 07 13 09 29 00 13 06 00 00
6F 00 00 01 33 06 66 03 13 89 05 00 33 86 C6 00
83 47 09 00 93 05 19 00 93 86 07 FD 13 F5 F6 0F
E3 F2 AA FE 63 EC FB 00 63 6C FC 02 93 06 50 02
63 82 D7 10 93 06 80 05 63 82 D7 0A 13 05 50 02
EF 10 90 71 03 45 09 00 13 04 24 00 EF 10 D0 70
6F 00 C0 04 13 09 19 00 13 07 00 02 6F F0 1F FA
93 87 D7 F9 93 F7 F7 0F 93 06 50 01 E3 E8 F6 FC
B7 46 01 30 93 97 27 00 93 86 86 E0 B3 87 D7 00
83 A7 07 00 67 80 07 00 03 C5 04 00 93 8C 44 00
13 04 14 00 EF 10 50 6C 93 84 0C 00 13 09 19 00
6F F0 9F F0 03 A5 04 00 93 8C 44 00 63 16 05 00
37 45 01 30 13 05 C5 F3 EF F0 5F E5 33 04 A4 00
6F F0 9F FD 93 06 06 00 93 8C 44 00 13 06 00 00
03 A5 04 00 93 05 01 01 6F 00 00 05 93 06 06 00
93 8C 44 00 13 06 10 00 6F F0 9F FE 13 05 00 03
23 26 C1 00 23 24 E1 00 93 8C 44 00 83 A4 04 00
EF 10 90 65 13 05 80 07 EF 10 10 65 03 26 C1 00
03 27 81 00 13 04 24 00 93 06 06 00 93 05 01 01
13 06 00 00 13 85 04 00 EF F0 9F D2 13 05 01 01
6F F0 9F F8 13 05 50 02 EF 10 10 62 13 04 14 00
6F F0 DF F5 83 46 19 00 93 07 C0 06 13 09 29 00
63 84 F6 00 13 89 05 00 83 47 09 00 93 06 80 05
93 F5 F7 0D 63 9C D5 00 93 87 87 FA 93 06 06 00
93 8C 44 00 13 B6 17 00 6F F0 9F F5 93 87 C7 F9
93 F7 F7 0F 93 06 10 01 E3 EA F6 EA B7 06 FE FF
93 86 E6 FD B3 D6 F6 40 93 F6 16 00 E3 90 06 EA
03 A5 04 00 93 06 07 00 93 05 01 01 93 8C 44 00
EF F0 5F BB 6F F0 9F F7 13 01 01 FC 23 24 41 03
23 2E 11 02 23 2C 81 02 23 2A 91 02 23 28 21 03
23 26 31 03 23 22 51 03 23 20 61 03 13 0A 00 00
63 84 05 02 93 04 05 00 93 09 06 00 13 85 06 00
13 89 F5 FF 13 0A 00 00 13 04 50 02 83 C7 09 00
63 9A 07 02 23 80 04 00 83 20 C1 03 03 24 81 03
83 24 41 03 03 29 01 03 83 29 C1 02 83 2A 41 02
03 2B 01 02 13 05 0A 00 03 2A 81 02 13 01 01 04
67 80 00 00 63 9E 87 3A 03 C7 19 00 63 0A 07 3A
93 07 00 03 63 1E F7 06 93 89 29 00 13 06 00 00
13 08 90 00 13 03 A0 00 6F 00 00 01 33 06 66 02
93 89 05 00 33 86 C6 00 83 C7 09 00 93 85 19 00
93 86 07 FD 93 F8 F6 0F E3 72 18 FF 93 06 80 07
63 EE F6 00 93 06 20 06 63 E2 F6 04 93 06 50 02
63 80 D7 36 93 06 80 05 63 84 D7 1A 63 0E 09 00
93 07 50 02 23 80 F4 00 93 07 10 00 63 18 F9 32
93 84 14 00 13 09 00 00 93 07 2A 00 6F 00 80 05
93 89 19 00 13 07 00 02 6F F0 5F F8 93 87 D7 F9
93 F7 F7 0F 93 06 50 01 E3 E2 F6 FC B7 46 01 30
93 97 27 00 93 86 06 E6 B3 87 D7 00 83 A7 07 00
67 80 07 00 13 07 45 00 63 0A 09 00 83 27 05 00
13 09 F9 FF 93 84 14 00 A3 8F F4 FE 93 07 1A 00
13 05 07 00 93 89 19 00 13 8A 07 00 6F F0 1F EE
03 27 05 00 13 06 45 00 63 16 07 00 37 47 01 30
13 07 C7 F3 93 07 0A 00 B3 86 47 41 B3 06 D7 00
83 C6 06 00 63 96 06 00 13 05 06 00 6F F0 9F FC
63 08 09 00 23 80 D4 00 13 09 F9 FF 93 84 14 00
93 87 17 00 6F F0 5F FD 93 0A 45 00 03 25 05 00
93 06 07 00 93 05 01 00 EF F0 DF 9E 93 07 05 00
13 07 00 00 63 4C F7 00 63 D4 07 00 93 07 00 00
B3 87 47 01 13 85 0A 00 6F F0 DF F7 63 0C 09 00
B3 06 E1 00 83 C6 06 00 13 09 F9 FF 93 84 14 00
A3 8F D4 FE 13 07 17 00 6F F0 DF FC 93 0A 45 00
03 25 05 00 93 06 07 00 93 05 01 00 EF F0 9F 99
93 07 05 00 13 07 00 00 E3 58 F7 FA 63 0C 09 00
B3 06 E1 00 83 C6 06 00 13 09 F9 FF 93 84 14 00
A3 8F D4 FE 13 07 17 00 6F F0 1F FE 93 0A 45 00
03 25 05 00 93 06 06 00 93 05 01 00 13 06 00 00
EF F0 1F A4 93 07 05 00 13 07 00 00 E3 56 F7 F6
63 0C 09 00 B3 06 E1 00 83 C6 06 00 13 09 F9 FF
93 84 14 00 A3 8F D4 FE 13 07 17 00 6F F0 1F FE
93 0A 45 00 03 25 05 00 93 06 06 00 93 05 01 00
13 06 10 00 EF F0 DF 9F 93 07 05 00 13 07 00 00
E3 54 F7 F2 63 0C 09 00 B3 06 E1 00 83 C6 06 00
13 09 F9 FF 93 84 14 00 A3 8F D4 FE 13 07 17 00
6F F0 1F FE 93 0A 45 00 03 25 05 00 63 0E 09 00
93 07 00 03 23 80 F4 00 93 07 10 00 63 16 F9 04
93 84 14 00 13 09 00 00 93 06 06 00 93 05 01 00
13 06 00 00 EF F0 DF 99 13 0A 2A 00 93 07 05 00
13 07 00 00 E3 52 F7 EC 63 0C 09 00 B3 06 E1 00
83 C6 06 00 13 09 F9 FF 93 84 14 00 A3 8F D4 FE
13 07 17 00 6F F0 1F FE 93 07 80 07 A3 80 F4 00
13 09 E9 FF 93 84 24 00 6F F0 1F FB 83 C6 19 00
93 07 C0 06 93 89 29 00 63 84 F6 00 93 89 05 00
83 C7 09 00 93 06 80 05 93 F5 F7 0D 63 96 D5 04
93 0A 45 00 03 25 05 00 93 87 87 FA 93 06 06 00
93 05 01 00 13 B6 17 00 EF F0 9F 91 93 07 05 00
13 07 00 00 E3 52 F7 E4 63 0C 09 00 B3 06 E1 00
83 C6 06 00 13 09 F9 FF 93 84 14 00 A3 8F D4 FE
13 07 17 00 6F F0 1F FE 93 87 C7 F9 93 F7 F7 0F
93 06 10 01 E3 E4 F6 D2 B7 0A FE FF 93 8A EA FD
B3 DA FA 40 93 FA 1A 00 E3 9A 0A D0 13 0B 45 00
03 25 05 00 93 06 07 00 93 05 01 00 EF F0 8F FC
93 07 05 00 63 CC FA 00 63 D4 07 00 93 07 00 00
B3 87 47 01 13 05 0B 00 6F F0 DF D5 63 0C 09 00
33 07 51 01 03 47 07 00 13 09 F9 FF 93 84 14 00
A3 8F E4 FE 93 8A 1A 00 6F F0 DF FC 83 C7 09 00
13 09 E9 FF 93 84 24 00 A3 8F F4 FE 6F F0 DF CC
63 08 09 00 23 80 F4 00 13 09 F9 FF 93 84 14 00
93 07 1A 00 6F F0 1F D1 13 01 01 FC 23 26 D1 02
93 06 C1 02 23 2E 11 00 23 28 E1 02 23 2A F1 02
23 2C 01 03 23 2E 11 03 23 26 D1 00 EF F0 DF B8
83 20 C1 01 13 01 01 04 67 80 00 00 13 01 01 FC
23 22 B1 02 93 05 41 02 23 2E 11 00 23 24 C1 02
23 26 D1 02 23 28 E1 02 23 2A F1 02 23 2C 01 03
23 2E 11 03 23 26 B1 00 EF F0 DF 8E 83 20 C1 01
13 01 01 04 67 80 00 00 37 67 00 03 13 07 47 01
83 27 07 00 93 F7 27 00 E3 8C 07 FE B7 67 00 03
93 87 47 01 03 A7 07 00 13 77 27 00 E3 1C 07 FE
03 A5 07 00 13 55 75 00 13 45 15 00 13 75 15 00
67 80 00 00 13 07 00 04 B7 67 00 03 23 A8 E7 00
37 67 00 03 13 07 47 01 83 27 07 00 93 F7 07 04
E3 9C 07 FE 67 80 00 00 13 01 01 FF 23 26 11 00
B7 67 00 03 23 A4 A7 00 13 07 00 01 B7 67 00 03
23 A8 E7 00 EF F0 5F F8 63 1C 05 00 83 20 C1 00
37 45 01 30 13 05 45 F4 13 01 01 01 6F F0 1F F3
83 20 C1 00 13 01 01 01 67 80 00 00 37 67 00 03
23 20 07 00 83 26 05 00 B7 67 00 03 23 A2 D7 00
93 07 00 08 23 20 F7 00 67 80 00 00 13 01 01 FD
23 2C 41 01 23 2A 51 01 37 6A 00 03 B7 6A 00 03
23 24 81 02 23 22 91 02 23 20 21 03 23 2E 31 01
23 28 61 01 23 26 71 01 23 26 11 02 13 89 05 00
93 09 06 00 13 84 06 00 93 04 07 00 13 1B 15 00
93 8A 8A 00 13 0A 0A 01 93 0B 00 09 23 A0 6A 01
23 20 7A 01 EF F0 5F EE E3 0A 05 FE 93 07 80 00
13 7A F9 0F 63 90 F9 04 13 05 0A 00 EF F0 DF F2
B3 04 94 00 63 1E 94 02 03 24 81 02 83 20 C1 02
83 24 41 02 03 29 01 02 83 29 C1 01 03 2A 81 01
83 2A 41 01 03 2B 01 01 83 2B C1 00 13 01 01 03
6F F0 5F ED 13 55 89 00 EF F0 1F EF 6F F0 DF FB
03 45 04 00 13 04 14 00 EF F0 1F EE 6F F0 9F FB
13 01 01 FD 23 2A 51 01 23 28 61 01 B7 6A 00 03
37 6B 00 03 23 24 81 02 23 22 91 02 23 20 21 03
23 2E 31 01 23 2C 41 01 23 26 71 01 23 26 11 02
13 89 05 00 13 0A 06 00 93 89 06 00 93 04 07 00
13 14 15 00 13 0B 8B 00 93 8A 0A 01 93 0B 00 09
23 20 8B 00 23 A0 7A 01 EF F0 1F E2 E3 0A 05 FE
93 07 80 00 93 7A F9 0F 63 14 FA 08 13 85 0A 00
EF F0 9F E6 EF F0 1F E4 B7 67 00 03 13 64 14 00
23 A4 87 00 13 07 00 09 B7 67 00 03 23 A8 E7 00
EF F0 9F DE 63 18 05 00 37 45 01 30 13 05 C5 F5
EF F0 DF D9 37 69 00 03 37 6A 00 03 13 04 00 00
93 8A F4 FF 13 09 09 01 37 4B 01 30 13 0A CA 00
63 1E 94 02 03 24 81 02 83 20 C1 02 83 24 41 02
03 29 01 02 83 29 C1 01 03 2A 81 01 83 2A 41 01
03 2B 01 01 83 2B C1 00 13 01 01 03 6F F0 9F DC
13 55 89 00 EF F0 5F DE 6F F0 5F F7 93 07 00 02
63 94 8A 00 93 07 00 06 23 20 F9 00 EF F0 DF D6
63 16 05 00 13 05 4B F7 EF F0 5F D2 03 27 0A 00
B3 87 89 00 13 04 14 00 23 80 E7 00 6F F0 5F F9
13 01 01 FF 23 26 11 00 23 24 81 00 23 22 91 00
23 20 21 01 B7 77 00 03 13 07 00 01 23 A0 E7 00
23 A0 07 00 37 79 00 03 23 22 09 02 B7 74 00 03
23 AA 04 00 03 27 05 00 37 74 00 03 37 45 01 30
23 22 E4 00 83 A5 07 00 13 05 C5 F8 EF F0 1F CC
83 25 49 02 37 45 01 30 13 05 05 FA EF F0 1F CB
83 A5 44 01 37 45 01 30 13 05 45 FB EF F0 1F CA
83 25 44 00 03 24 81 00 83 20 C1 00 83 24 41 00
03 29 01 00 37 45 01 30 13 05 45 FC 13 01 01 01
6F F0 DF C7 B7 77 00 03 37 07 08 00 23 A8 E7 00
13 15 85 01 B7 77 00 03 23 AC A7 00 13 07 20 10
B7 77 00 03 23 A0 E7 00 37 07 01 00 37 76 00 03
13 07 F7 FF 93 06 10 00 83 27 06 00 B3 F7 E7 00
E3 9C D7 FE 67 80 00 00 B7 77 00 03 37 07 08 00
23 A8 E7 00 13 15 85 01 B7 77 00 03 23 AC A7 00
93 E5 25 00 B7 77 00 03 23 A0 B7 00 B7 76 00 03
93 07 10 00 03 A7 06 00 E3 1E F7 FE 67 80 00 00
B7 77 00 03 37 07 10 00 23 A8 E7 00 13 15 05 01
B7 77 00 03 23 AC A7 00 13 07 20 10 B7 77 00 03
23 A0 E7 00 B7 76 00 03 93 07 10 00 03 A7 06 00
E3 1E F7 FE 67 80 00 00 B7 77 00 03 37 07 10 00
23 A8 E7 00 13 15 05 01 B7 77 00 03 23 AC A7 00
93 E5 25 00 B7 77 00 03 23 A0 B7 00 B7 76 00 03
93 07 10 00 03 A7 06 00 E3 1E F7 FE 67 80 00 00
B7 77 00 03 37 07 20 00 23 A8 E7 00 B7 77 00 03
23 AC A7 00 13 07 20 10 B7 77 00 03 23 A0 E7 00
B7 76 00 03 93 07 10 00 03 A7 06 00 E3 1E F7 FE
67 80 00 00 B7 77 00 03 37 07 20 00 23 A8 E7 00
B7 77 00 03 23 AC A7 00 93 E5 25 00 B7 77 00 03
23 A0 B7 00 B7 76 00 03 93 07 10 00 03 A7 06 00
E3 1E F7 FE 67 80 00 00 B7 77 00 03 37 07 40 00
23 A8 E7 00 B7 77 00 03 23 AC A7 00 23 AC B7 00
13 07 20 10 B7 77 00 03 23 A0 E7 00 B7 76 00 03
93 07 10 00 03 A7 06 00 E3 1E F7 FE 67 80 00 00
37 73 00 03 37 0E 00 01 23 28 C3 01 37 73 00 03
23 2C A3 00 23 2C B3 00 23 2C C3 00 23 2C D3 00
23 2C E3 00 23 2C F3 00 23 2C 03 01 B7 77 00 03
23 2C 13 01 13 07 20 10 23 A0 E7 00 B7 76 00 03
93 07 10 00 03 A7 06 00 E3 1E F7 FE 67 80 00 00
37 73 00 03 37 0E 00 01 23 28 C3 01 37 73 00 03
23 2C A3 00 23 2C B3 00 23 2C C3 00 23 2C D3 00
23 2C E3 00 23 2C F3 00 83 27 01 00 23 2C 03 01
23 2C 13 01 93 E7 27 00 37 77 00 03 23 20 F7 00
B7 76 00 03 93 07 10 00 03 A7 06 00 E3 1E F7 FE
67 80 00 00 37 73 00 03 37 0E 00 02 23 28 C3 01
37 73 00 03 23 2C A3 00 23 2C B3 00 23 2C C3 00
23 2C D3 00 23 2C E3 00 23 2C F3 00 23 2C 03 01
23 2C 13 01 83 27 01 00 13 07 20 10 B7 76 00 03
23 2C F3 00 83 27 41 00 23 2C F3 00 83 27 81 00
23 2C F3 00 83 27 C1 00 23 2C F3 00 83 27 01 01
23 2C F3 00 83 27 41 01 23 2C F3 00 83 27 81 01
23 2C F3 00 83 27 C1 01 23 2C F3 00 B7 77 00 03
23 A0 E7 00 93 07 10 00 03 A7 06 00 E3 1E F7 FE
67 80 00 00 37 73 00 03 37 0E 00 02 23 28 C3 01
37 73 00 03 23 2C A3 00 23 2C B3 00 23 2C C3 00
23 2C D3 00 23 2C E3 00 23 2C F3 00 23 2C 03 01
23 2C 13 01 83 27 01 00 37 77 00 03 B7 76 00 03
23 2C F3 00 83 27 41 00 23 2C F3 00 83 27 81 00
23 2C F3 00 83 27 C1 00 23 2C F3 00 83 27 01 01
23 2C F3 00 83 27 41 01 23 2C F3 00 83 27 81 01
23 2C F3 00 83 27 C1 01 23 2C F3 00 83 27 01 02
93 E7 27 00 23 20 F7 00 93 07 10 00 03 A7 06 00
E3 1E F7 FE 67 80 00 00 37 73 00 03 37 0E 00 04
23 28 C3 01 37 73 00 03 23 2C A3 00 23 2C B3 00
23 2C C3 00 23 2C D3 00 23 2C E3 00 23 2C F3 00
23 2C 03 01 23 2C 13 01 83 27 01 00 13 07 20 10
13 03 83 01 23 20 F3 00 83 27 41 00 B7 76 00 03
23 20 F3 00 83 27 81 00 23 20 F3 00 83 27 C1 00
23 20 F3 00 83 27 01 01 23 20 F3 00 83 27 41 01
23 20 F3 00 83 27 81 01 23 20 F3 00 83 27 C1 01
23 20 F3 00 83 27 01 02 23 20 F3 00 83 27 41 02
23 20 F3 00 83 27 81 02 23 20 F3 00 83 27 C1 02
23 20 F3 00 83 27 01 03 23 20 F3 00 83 27 41 03
23 20 F3 00 83 27 81 03 23 20 F3 00 83 27 C1 03
23 20 F3 00 83 27 01 04 23 20 F3 00 83 27 41 04
23 20 F3 00 83 27 81 04 23 20 F3 00 83 27 C1 04
23 20 F3 00 83 27 01 05 23 20 F3 00 83 27 41 05
23 20 F3 00 83 27 81 05 23 20 F3 00 83 27 C1 05
23 20 F3 00 B7 77 00 03 23 A0 E7 00 93 07 10 00
03 A7 06 00 E3 1E F7 FE 67 80 00 00 37 73 00 03
37 0E 00 04 23 28 C3 01 37 73 00 03 23 2C A3 00
23 2C B3 00 23 2C C3 00 23 2C D3 00 23 2C E3 00
23 2C F3 00 23 2C 03 01 23 2C 13 01 83 27 01 00
37 77 00 03 13 03 83 01 23 20 F3 00 83 27 41 00
B7 76 00 03 23 20 F3 00 83 27 81 00 23 20 F3 00
83 27 C1 00 23 20 F3 00 83 27 01 01 23 20 F3 00
83 27 41 01 23 20 F3 00 83 27 81 01 23 20 F3 00
83 27 C1 01 23 20 F3 00 83 27 01 02 23 20 F3 00
83 27 41 02 23 20 F3 00 83 27 81 02 23 20 F3 00
83 27 C1 02 23 20 F3 00 83 27 01 03 23 20 F3 00
83 27 41 03 23 20 F3 00 83 27 81 03 23 20 F3 00
83 27 C1 03 23 20 F3 00 83 27 01 04 23 20 F3 00
83 27 41 04 23 20 F3 00 83 27 81 04 23 20 F3 00
83 27 C1 04 23 20 F3 00 83 27 01 05 23 20 F3 00
83 27 41 05 23 20 F3 00 83 27 81 05 23 20 F3 00
83 27 C1 05 23 20 F3 00 83 27 01 06 93 E7 27 00
23 20 F7 00 93 07 10 00 03 A7 06 00 E3 1E F7 FE
67 80 00 00 37 07 00 03 93 07 00 10 23 2E F7 04
93 07 80 04 33 05 F5 02 B7 07 00 03 93 87 47 06
93 06 10 10 13 05 F5 FF 23 A0 A7 00 23 2E D7 04
03 A7 07 00 E3 1E 07 FE 67 80 00 00 93 07 80 3E
33 05 F5 02 6F F0 1F FC 93 07 80 3E 33 05 F5 02
6F F0 DF FE B7 07 00 03 13 07 00 10 23 A4 E7 06
93 06 F0 FF 37 07 00 03 23 28 D7 06 13 07 10 10
23 A4 E7 06 67 80 00 00 B7 07 00 03 03 A5 07 07
13 45 F5 FF 67 80 00 00 63 0C 05 0A 13 01 01 FE
23 28 21 01 23 26 31 01 03 29 05 00 83 29 45 00
23 2C 81 00 37 04 00 03 23 2A 91 00 23 24 41 01
23 22 51 01 23 20 61 01 23 2E 11 00 13 0A 05 00
93 04 00 00 13 0B 10 00 13 04 44 00 93 0A 00 04
13 86 04 00 13 05 09 00 93 85 09 00 EF 00 80 2D
13 75 15 00 63 0E 05 00 03 27 8A 00 B3 17 9B 00
63 10 07 04 03 27 04 00 B3 E7 E7 00 23 20 F4 00
93 84 14 00 E3 96 54 FD 83 20 C1 01 03 24 81 01
83 24 41 01 03 29 01 01 83 29 C1 00 03 2A 81 00
83 2A 41 00 03 2B 01 00 13 01 01 02 67 80 00 00
03 27 04 00 93 C7 F7 FF B3 F7 E7 00 6F F0 1F FC
67 80 00 00 93 07 10 00 33 95 A7 00 B7 07 00 03
03 A7 47 00 93 87 47 00 63 98 05 00 33 65 E5 00
23 A0 A7 00 67 80 00 00 13 45 F5 FF 33 75 E5 00
6F F0 1F FF 93 07 10 00 33 95 A7 00 63 9C F5 00
37 07 00 03 83 27 07 00 B3 E7 A7 00 23 20 F7 00
67 80 00 00 B7 07 00 03 03 A7 07 00 13 45 F5 FF
33 75 E5 00 23 A0 A7 00 67 80 00 00 B7 07 00 03
83 A7 07 00 33 D5 A7 00 13 75 15 00 67 80 00 00
67 80 00 00 03 27 05 00 B7 47 00 03 23 A2 E7 00
03 27 45 00 B7 47 00 03 23 A6 E7 00 B7 47 00 03
13 07 30 00 23 A0 E7 00 67 80 00 00 93 07 20 00
63 08 F5 02 63 EA A7 00 63 1E 05 00 B7 47 00 03
23 A8 B7 00 67 80 00 00 93 07 30 00 63 00 F5 02
67 80 00 00 B7 47 00 03 23 AA B7 00 67 80 00 00
B7 47 00 03 23 AC B7 00 67 80 00 00 B7 47 00 03
23 AE B7 00 67 80 00 00 13 01 01 FF 93 05 00 00
13 05 00 00 23 26 11 00 EF E0 8F AF 93 05 10 00
13 05 00 00 EF E0 CF AE 93 05 20 00 13 05 00 00
EF E0 0F AE 93 05 30 00 13 05 00 00 EF E0 8F AB
13 06 10 00 93 05 00 00 13 05 00 00 EF E0 4F AE
13 06 00 00 93 05 10 00 13 05 00 00 EF E0 4F AD
83 20 C1 00 13 01 01 01 6F E0 4F B1 13 01 01 FF
13 06 00 00 93 05 00 00 13 05 00 00 23 26 11 00
EF E0 0F AB 83 20 C1 00 13 01 01 01 6F E0 0F AF
13 01 01 FF 13 06 10 00 93 05 00 00 13 05 00 00
23 26 11 00 EF E0 CF A8 83 20 C1 00 13 01 01 01
6F E0 CF AC 13 01 01 FE 23 2C 81 00 23 2A 91 00
23 28 21 01 23 26 31 01 23 24 41 01 23 22 51 01
23 2E 11 00 13 09 05 00 93 04 00 00 13 04 00 00
13 0A 70 00 93 0A 00 08 93 09 80 00 33 06 9A 40
33 56 C9 40 13 76 16 00 93 05 20 00 13 05 00 00
EF E0 0F A3 EF E0 8F A7 13 06 10 00 93 05 10 00
13 05 00 00 EF E0 CF A1 EF E0 4F A6 EF E0 CF A5
93 05 30 00 13 05 00 00 EF E0 CF A3 93 07 10 00
63 18 F5 00 B3 D7 9A 40 33 64 F4 00 13 74 F4 0F
13 06 00 00 93 05 10 00 13 05 00 00 93 84 14 00
EF E0 0F 9E E3 9C 34 F9 EF E0 4F A2 83 20 C1 01
13 05 04 00 03 24 81 01 83 24 41 01 03 29 01 01
83 29 C1 00 03 2A 81 00 83 2A 41 00 13 01 01 02
67 80 00 00 63 0E 06 02 93 07 F0 03 63 CC C7 02
93 07 F0 01 63 C0 C7 02 93 07 00 02 B3 87 C7 40
B3 97 F5 00 33 55 C5 00 33 E5 A7 00 B3 D5 C5 00
67 80 00 00 13 06 06 FE 33 D5 C5 00 93 05 00 00
67 80 00 00 13 05 00 00 6F F0 5F FF 93 07 05 00
13 05 00 00 63 94 07 00 67 80 00 00 13 F7 17 00
63 04 07 00 33 05 B5 00 93 D7 17 00 93 95 15 00
6F F0 5F FE 13 01 01 FF 23 24 81 00 23 22 91 00
13 04 05 00 93 84 05 00 83 45 45 00 03 45 05 00
13 06 10 00 23 26 11 00 EF E0 8F 91 03 26 C4 00
03 25 84 00 03 24 81 00 83 20 C1 00 93 85 04 00
83 24 41 00 13 01 01 01 6F E0 0F 9F 13 01 01 FF
23 24 81 00 23 22 91 00 13 04 05 00 93 84 05 00
83 45 45 00 03 45 05 00 13 06 10 00 23 26 11 00
EF E0 0F 8D 03 26 C4 00 03 25 84 00 03 24 81 00
83 20 C1 00 93 85 04 00 83 24 41 00 13 01 01 01
6F E0 8F A2 13 01 01 FF 23 24 81 00 23 22 91 00
13 04 05 00 93 84 05 00 83 45 45 00 03 45 05 00
13 06 10 00 23 26 11 00 EF E0 8F 88 03 26 C4 00
03 25 84 00 03 24 81 00 83 20 C1 00 93 85 04 00
83 24 41 00 13 01 01 01 6F E0 CF A5 13 01 01 FF
23 24 81 00 23 22 91 00 13 04 05 00 93 84 05 00
83 45 45 00 03 45 05 00 23 20 21 01 13 09 06 00
13 06 10 00 23 26 11 00 EF E0 8F 83 83 26 C4 00
03 25 84 00 03 24 81 00 83 20 C1 00 13 06 09 00
93 85 04 00 03 29 01 00 83 24 41 00 13 01 01 01
6F E0 0F A8 13 01 01 FC 23 2C 81 02 23 2A 91 02
13 04 05 00 93 84 05 00 83 45 45 00 03 45 05 00
23 28 21 03 13 09 06 00 13 06 10 00 23 2E 11 02
23 26 D1 02 23 24 E1 02 23 22 F1 02 23 20 01 03
23 2E 11 01 EF D0 DF FC 03 26 C4 00 83 28 C1 01
03 28 01 02 23 22 C1 00 03 26 01 04 83 27 41 02
03 27 81 02 23 20 C1 00 83 26 C1 02 03 25 84 00
13 06 09 00 93 85 04 00 EF E0 4F AA 83 20 C1 03
03 24 81 03 83 24 41 03 03 29 01 03 13 01 01 04
67 80 00 00 13 01 01 FA 23 2C 81 04 23 2A 91 04
13 04 05 00 93 84 05 00 83 45 45 00 03 45 05 00
23 28 21 05 13 09 06 00 13 06 10 00 23 2E 11 04
23 26 D1 04 23 24 E1 04 23 22 F1 04 23 20 01 05
23 2E 11 03 EF D0 DF F3 03 26 C4 00 83 28 C1 03
03 28 01 04 23 22 C1 02 03 26 01 08 83 27 41 04
03 27 81 04 23 20 C1 02 03 26 C1 07 83 26 C1 04
93 85 04 00 23 2E C1 00 03 26 81 07 23 2C C1 00
03 26 41 07 23 2A C1 00 03 26 01 07 23 28 C1 00
03 26 C1 06 23 26 C1 00 03 26 81 06 23 24 C1 00
03 26 41 06 23 22 C1 00 03 26 01 06 23 20 C1 00
03 25 84 00 13 06 09 00 EF E0 CF AC 83 20 C1 05
03 24 81 05 83 24 41 05 03 29 01 05 13 01 01 06
67 80 00 00 13 01 01 F6 23 2C 81 08 23 2A 91 08
13 04 05 00 93 84 05 00 83 45 45 00 03 45 05 00
23 28 21 09 13 09 06 00 13 06 10 00 23 2E 11 08
23 26 D1 08 23 24 E1 08 23 22 F1 08 23 20 01 09
23 2E 11 07 EF D0 DF E6 03 26 C4 00 93 85 04 00
23 22 C1 06 03 26 01 10 23 20 C1 06 03 26 C1 0F
23 2E C1 04 03 26 81 0F 23 2C C1 04 03 26 41 0F
23 2A C1 04 03 26 01 0F 23 28 C1 04 03 26 C1 0E
23 26 C1 04 03 26 81 0E 23 24 C1 04 03 26 41 0E
23 22 C1 04 03 26 01 0E 23 20 C1 04 03 26 C1 0D
23 2E C1 02 03 26 81 0D 23 2C C1 02 03 26 41 0D
23 2A C1 02 03 26 01 0D 23 28 C1 02 03 26 C1 0C
23 26 C1 02 03 26 81 0C 23 24 C1 02 03 26 41 0C
83 28 C1 07 03 28 01 08 23 22 C1 02 03 26 01 0C
83 27 41 08 03 27 81 08 23 20 C1 02 03 26 C1 0B
83 26 C1 08 23 2E C1 00 03 26 81 0B 23 2C C1 00
03 26 41 0B 23 2A C1 00 03 26 01 0B 23 28 C1 00
03 26 C1 0A 23 26 C1 00 03 26 81 0A 23 24 C1 00
03 26 41 0A 23 22 C1 00 03 26 01 0A 23 20 C1 00
03 25 84 00 13 06 09 00 EF E0 8F B3 83 20 C1 09
03 24 81 09 83 24 41 09 03 29 01 09 13 01 01 0A
67 80 00 00 13 01 01 FF 23 24 81 00 23 22 91 00
13 04 05 00 93 84 05 00 83 45 45 00 03 45 05 00
13 06 00 00 23 26 11 00 EF D0 9F D3 03 26 C4 00
03 25 84 00 03 24 81 00 83 20 C1 00 93 85 04 00
83 24 41 00 13 01 01 01 6F D0 1F E1 13 01 01 FE
23 24 41 01 13 8A 05 00 93 05 A0 02 23 2E 11 00
23 2C 81 00 23 2A 91 00 13 04 05 00 23 28 21 01
23 26 31 01 13 09 06 00 93 89 06 00 93 04 07 00
EF F0 5F F8 83 47 C4 01 13 05 04 00 B3 05 FA 00
93 95 05 01 93 D5 05 01 EF F0 5F BD 83 47 C4 01
13 05 04 00 B3 85 F9 00 93 95 05 01 93 D5 05 01
EF F0 DF BB 13 05 04 00 93 05 B0 02 EF F0 9F F4
83 47 D4 01 13 05 04 00 B3 05 F9 00 93 95 05 01
93 D5 05 01 EF F0 9F B9 83 47 D4 01 13 05 04 00
B3 85 F4 00 93 95 05 01 93 D5 05 01 EF F0 1F B8
13 05 04 00 03 24 81 01 83 20 C1 01 83 24 41 01
03 29 01 01 83 29 C1 00 03 2A 81 00 93 05 C0 02
13 01 01 02 6F F0 1F EF 13 01 01 F7 23 2E 31 07
23 2C 41 07 93 09 07 00 13 8A 06 00 13 07 F7 FF
93 86 F6 FF 13 17 07 01 93 96 06 01 13 57 07 01
93 D6 06 01 23 24 81 08 23 22 91 08 23 2A 51 07
23 28 61 07 23 26 11 08 23 20 21 09 93 0A 05 00
13 8B 05 00 93 04 06 00 13 84 07 00 EF F0 1F EE
63 EA 34 0D 83 20 C1 08 03 24 81 08 83 24 41 08
03 29 01 08 83 29 C1 07 03 2A 81 07 83 2A 41 07
03 2B 01 07 13 01 01 09 67 80 00 00 13 09 09 04
23 2C 81 00 23 2A 81 00 23 28 81 00 23 26 81 00
23 24 81 00 23 22 81 00 23 20 81 00 93 08 04 00
13 08 04 00 93 07 04 00 13 07 04 00 93 06 04 00
13 06 04 00 93 05 04 00 13 85 0A 00 13 19 09 01
23 20 81 06 23 2E 81 04 23 2C 81 04 23 2A 81 04
23 28 81 04 23 26 81 04 23 24 81 04 23 22 81 04
23 20 81 04 23 2E 81 02 23 2C 81 02 23 2A 81 02
23 28 81 02 23 26 81 02 23 24 81 02 23 22 81 02
23 20 81 02 23 2E 81 00 13 59 09 01 EF F0 9F C8
E3 66 49 F7 93 84 14 00 93 94 04 01 93 D4 04 01
6F F0 1F F3 13 09 0B 00 6F F0 9F FE 13 01 01 FF
83 45 45 00 23 24 81 00 13 04 05 00 03 45 05 00
23 26 11 00 EF D0 DF AD 83 45 44 00 03 45 04 00
13 06 00 00 EF D0 DF AE 93 05 80 07 13 05 00 00
EF 00 80 66 93 05 10 01 13 05 04 00 EF F0 9F D7
93 05 80 07 13 05 00 00 EF 00 00 65 93 05 10 0B
13 05 04 00 EF F0 1F D6 93 05 10 00 13 05 04 00
EF F0 5F 97 93 05 C0 02 13 05 04 00 EF F0 9F 96
93 05 D0 02 13 05 04 00 EF F0 DF 95 93 05 20 0B
13 05 04 00 EF F0 1F D3 93 05 10 00 13 05 04 00
EF F0 5F 94 93 05 C0 02 13 05 04 00 EF F0 9F 93
93 05 D0 02 13 05 04 00 EF F0 DF 92 93 05 30 0B
13 05 04 00 EF F0 1F D0 93 05 10 00 13 05 04 00
EF F0 5F 91 93 05 C0 02 13 05 04 00 EF F0 9F 90
93 05 D0 02 13 05 04 00 EF F0 DF 8F 93 05 10 00
13 05 04 00 EF F0 1F 8F 93 05 C0 02 13 05 04 00
EF F0 5F 8E 93 05 D0 02 13 05 04 00 EF F0 9F 8D
93 05 40 0B 13 05 04 00 EF F0 DF CA 93 05 70 00
13 05 04 00 EF F0 1F 8C 37 45 01 30 13 05 85 FD
EF E0 DF B8 93 05 00 0C 13 05 04 00 EF F0 9F C8
93 05 20 0A 13 05 04 00 EF F0 DF 89 93 05 20 00
13 05 04 00 EF F0 1F 89 93 05 40 08 13 05 04 00
EF F0 5F 88 93 05 10 0C 13 05 04 00 EF F0 9F C5
93 05 50 0C 13 05 04 00 EF F0 DF 86 93 05 20 0C
13 05 04 00 EF F0 1F C4 93 05 A0 00 13 05 04 00
EF F0 5F 85 93 05 00 00 13 05 04 00 EF F0 9F 84
93 05 30 0C 13 05 04 00 EF F0 DF C1 93 05 A0 08
13 05 04 00 EF F0 1F 83 93 05 A0 02 13 05 04 00
EF F0 5F 82 93 05 40 0C 13 05 04 00 EF F0 9F BF
93 05 A0 08 13 05 04 00 EF F0 DF 80 93 05 E0 0E
13 05 04 00 EF F0 1F 80 93 05 50 0C 13 05 04 00
EF F0 5F BD 93 05 E0 00 13 05 04 00 EF F0 8F FE
93 05 60 03 13 05 04 00 EF F0 DF BB 37 45 01 30
13 05 05 FF EF E0 9F AA 83 27 84 01 13 07 10 00
93 05 80 0A 63 8E E7 00 13 07 20 00 93 05 80 00
63 88 E7 00 93 05 80 0C 63 84 07 00 93 05 80 06
13 05 04 00 EF F0 0F FA 13 05 04 00 93 05 00 0E
EF F0 5F B7 13 05 04 00 93 05 F0 00 EF F0 8F F8
13 05 04 00 93 05 A0 01 EF F0 CF F7 13 05 04 00
93 05 F0 00 EF F0 0F F7 13 05 04 00 93 05 80 01
EF F0 4F F6 13 05 04 00 93 05 F0 02 EF F0 8F F5
13 05 04 00 93 05 80 02 EF F0 CF F4 13 05 04 00
93 05 00 02 EF F0 0F F4 13 05 04 00 93 05 20 02
EF F0 4F F3 13 05 04 00 93 05 F0 01 EF F0 8F F2
13 05 04 00 93 05 B0 01 EF F0 CF F1 13 05 04 00
93 05 30 02 EF F0 0F F1 13 05 04 00 93 05 70 03
EF F0 4F F0 13 05 04 00 93 05 00 00 EF F0 8F EF
13 05 04 00 93 05 70 00 EF F0 CF EE 13 05 04 00
93 05 20 00 EF F0 0F EE 13 05 04 00 93 05 00 01
EF F0 4F ED 13 05 04 00 93 05 10 0E EF F0 9F AA
13 05 04 00 93 05 F0 00 EF F0 CF EB 13 05 04 00
93 05 B0 01 EF F0 0F EB 13 05 04 00 93 05 F0 00
EF F0 4F EA 13 05 04 00 93 05 70 01 EF F0 8F E9
13 05 04 00 93 05 30 03 EF F0 CF E8 13 05 04 00
93 05 C0 02 EF F0 0F E8 13 05 04 00 93 05 90 02
EF F0 4F E7 13 05 04 00 93 05 E0 02 EF F0 8F E6
13 05 04 00 93 05 00 03 EF F0 CF E5 13 05 04 00
93 05 00 03 EF F0 0F E5 13 05 04 00 93 05 90 03
EF F0 4F E4 13 05 04 00 93 05 F0 03 EF F0 8F E3
13 05 04 00 93 05 00 00 EF F0 CF E2 13 05 04 00
93 05 70 00 EF F0 0F E2 13 05 04 00 93 05 30 00
EF F0 4F E1 93 05 00 01 13 05 04 00 EF F0 8F E0
37 45 01 30 13 05 C5 00 EF E0 5F 8D 13 05 04 00
93 05 00 0F EF F0 1F 9D 13 05 04 00 93 05 10 00
EF F0 4F DE 13 05 04 00 93 05 60 0F EF F0 9F 9B
13 05 04 00 93 05 00 00 EF F0 CF DC 13 05 04 00
93 05 A0 03 EF F0 1F 9A 13 05 04 00 93 05 50 00
EF F0 4F DB 13 05 04 00 93 05 90 02 EF F0 9F 98
13 05 04 00 93 07 F0 FF 13 07 00 08 93 06 00 08
13 06 00 00 93 05 00 00 EF F0 1F A8 03 24 81 00
83 20 C1 00 37 45 01 30 13 05 85 02 13 01 01 01
6F E0 DF 84 13 07 F7 FF 93 86 F6 FF 33 07 E6 00
B3 86 D5 00 13 01 01 F8 13 17 07 01 93 96 06 01
23 2C 81 06 23 2A 91 06 13 84 07 00 13 57 07 01
93 D6 06 01 B7 84 00 00 23 28 21 07 23 2E 11 06
13 09 05 00 B3 04 94 00 EF F0 5F 95 83 25 C4 07
83 28 84 01 03 28 44 01 83 27 04 01 03 27 C4 00
83 26 84 00 03 26 44 00 23 20 B1 06 83 25 84 07
13 05 09 00 13 04 04 08 23 2E B1 04 83 25 44 FF
23 2C B1 04 83 25 04 FF 23 2A B1 04 83 25 C4 FE
23 28 B1 04 83 25 84 FE 23 26 B1 04 83 25 44 FE
23 24 B1 04 83 25 04 FE 23 22 B1 04 83 25 C4 FD
23 20 B1 04 83 25 84 FD 23 2E B1 02 83 25 44 FD
23 2C B1 02 83 25 04 FD 23 2A B1 02 83 25 C4 FC
23 28 B1 02 83 25 84 FC 23 26 B1 02 83 25 44 FC
23 24 B1 02 83 25 04 FC 23 22 B1 02 83 25 C4 FB
23 20 B1 02 83 25 84 FB 23 2E B1 00 83 25 44 FB
23 2C B1 00 83 25 04 FB 23 2A B1 00 83 25 C4 FA
23 28 B1 00 83 25 84 FA 23 26 B1 00 83 25 44 FA
23 24 B1 00 83 25 04 FA 23 22 B1 00 83 25 C4 F9
23 20 B1 00 83 25 04 F8 EF F0 CF EC E3 98 84 F0
83 20 C1 07 03 24 81 07 83 24 41 07 03 29 01 07
13 01 01 08 67 80 00 00 B7 07 00 03 13 07 10 27
23 A8 E7 00 67 80 00 00 B7 07 00 03 23 AA A7 00
67 80 00 00 B7 07 00 03 93 87 47 01 03 47 05 00
63 14 07 00 67 80 00 00 13 05 15 00 23 A0 E7 00
6F F0 DF FE B7 07 00 03 93 87 47 01 13 07 F0 FF
03 A5 07 00 E3 0E E5 FE 13 75 F5 0F 67 80 00 00
93 07 05 00 63 10 05 04 37 07 00 03 93 07 00 10
23 2E F7 04 93 07 80 04 B3 85 F5 02 B7 07 00 03
93 87 47 06 93 06 10 10 93 85 F5 FF 23 A0 B7 00
23 2E D7 04 03 A7 07 00 E3 1E 07 FE 13 05 00 00
67 80 00 00 13 07 10 00 13 05 10 00 E3 9A E7 FE
37 07 00 03 93 07 00 10 23 24 F7 06 93 07 80 04
B3 85 F5 02 B7 07 00 03 93 87 07 07 93 06 10 10
93 85 F5 FF 23 A0 B7 00 23 24 D7 06 03 A7 07 00
E3 1E 07 FE 6F F0 9F FB 93 07 80 3E B3 85 F5 02
6F F0 1F F7 93 05 05 00 13 05 00 00 6F F0 DF FE
93 07 80 3E B3 85 F5 02 6F F0 1F FE 93 07 05 00
63 16 05 02 B7 07 00 03 13 07 00 10 23 AE E7 04
93 06 F0 FF 37 07 00 03 23 22 D7 06 13 07 10 10
23 AE E7 04 13 05 00 00 67 80 00 00 13 07 10 00
13 05 10 00 E3 9A E7 FE B7 07 00 03 13 07 00 10
23 A4 E7 06 93 06 F0 FF 37 07 00 03 23 28 D7 06
13 07 10 10 23 A4 E7 06 6F F0 DF FC 93 07 05 00
63 1A 05 00 B7 07 00 03 03 A5 47 06 13 45 F5 FF
67 80 00 00 13 07 10 00 13 05 00 00 E3 9A E7 FE
B7 07 00 03 03 A5 07 07 6F F0 5F FE B7 A7 4A 04
93 87 07 20 B3 D7 A7 02 B7 36 00 03 23 A0 06 00
37 37 00 03 93 87 F7 FF 23 22 F7 00 B7 37 00 03
13 07 F0 00 23 A6 E7 00 13 07 C0 00 23 A6 E7 00
93 07 F0 01 23 A0 F6 00 67 80 00 00 03 27 05 00
B7 A7 4A 04 93 87 07 20 B3 D7 E7 02 B7 36 00 03
23 A0 06 00 37 37 00 03 93 87 F7 FF 23 22 F7 00
B7 37 00 03 13 07 F0 00 23 A6 E7 00 13 07 C0 00
23 A6 E7 00 83 47 65 00 03 47 55 00 93 87 B7 FF
13 17 17 00 B3 E7 E7 00 03 47 45 00 13 17 27 00
B3 E7 E7 00 23 A0 F6 00 67 80 00 00 37 37 00 03
13 07 07 01 83 27 07 00 93 F7 07 10 E3 9C 07 FE
B7 37 00 03 23 A4 A7 00 67 80 00 00 13 01 01 FF
23 24 81 00 23 26 11 00 13 04 05 00 03 45 04 00
63 1A 05 00 83 20 C1 00 03 24 81 00 13 01 01 01
67 80 00 00 13 04 14 00 EF F0 5F FB 6F F0 1F FE
37 37 00 03 13 07 07 01 83 27 07 00 93 F7 07 08
E3 9C 07 FE B7 37 00 03 93 87 87 00 83 A7 07 00
23 00 F5 00 67 80 00 00 13 01 01 FF 23 24 81 00
23 22 91 00 23 26 11 00 13 04 05 00 93 04 A0 00
13 05 04 00 EF F0 DF FB 83 47 04 00 13 04 14 00
E3 98 97 FE 23 00 04 00 83 20 C1 00 03 24 81 00
83 24 41 00 13 01 01 01 67 80 00 00 63 9E 05 00
03 27 06 00 B7 47 00 03 23 A2 E7 00 03 27 46 00
B7 47 00 03 23 A6 E7 00 13 05 00 00 67 80 00 00
63 94 05 02 93 07 20 00 63 0A F6 02 63 EA C7 00
63 10 06 02 B7 47 00 03 23 A8 D7 00 6F 00 C0 00
93 07 30 00 63 02 F6 02 13 05 00 00 67 80 00 00
B7 47 00 03 23 AA D7 00 6F F0 1F FF B7 47 00 03
23 AC D7 00 6F F0 5F FE B7 47 00 03 23 AE D7 00
6F F0 9F FD 63 98 05 00 B7 47 00 03 13 07 30 00
23 A0 E7 00 13 05 00 00 67 80 00 00 63 96 05 00
B7 47 00 03 23 A0 07 00 13 05 00 00 67 80 00 00
13 01 01 FC 23 2E 11 02 23 2C 81 02 23 2A 91 02
23 28 21 03 23 26 31 03 23 24 41 03 23 22 51 03
23 20 61 03 23 2E 71 01 23 2C 81 01 23 2A 91 01
EF F0 9F C3 37 45 01 30 13 05 85 EB EF F0 9F C4
93 05 41 00 13 05 00 00 37 04 00 04 23 22 01 00
EF D0 8F 9E 13 05 04 00 EF F0 4F E5 EF D0 8F 90
93 05 00 00 13 05 00 00 EF D0 8F 93 93 05 10 00
13 05 00 00 EF D0 CF 92 93 05 60 00 13 05 00 00
EF D0 0F 92 93 05 70 00 13 05 00 00 EF D0 4F 91
13 06 00 00 93 05 00 00 13 05 00 00 EF D0 4F 92
13 06 00 00 93 05 10 00 13 05 00 00 EF D0 4F 91
13 06 00 00 93 05 60 00 13 05 00 00 EF D0 4F 90
13 06 00 00 93 05 70 00 13 05 00 00 EF D0 4F 8F
B7 54 00 00 93 84 04 E2 13 06 81 00 93 05 00 00
13 05 00 00 23 26 91 00 23 24 01 00 EF F0 1F E7
93 86 04 00 13 06 20 00 93 05 00 00 13 05 00 00
EF F0 1F E8 93 86 04 00 13 06 10 00 93 05 00 00
13 05 00 00 EF F0 DF E6 93 05 00 00 13 05 00 00
EF F0 5F EB 37 25 00 00 13 05 05 58 EF F0 1F CD
B7 45 01 30 93 85 45 ED 13 05 00 00 EF C0 5F FA
B7 04 00 04 93 87 44 06 13 07 00 08 93 06 00 08
13 06 00 00 93 05 00 00 13 05 04 00 37 49 00 30
B7 09 00 04 37 4A 00 30 EF F0 DF 9A 13 09 89 E0
93 89 49 02 13 0A CA AF B7 37 00 03 93 87 07 01
83 A7 07 00 B7 8B 00 04 93 F7 07 08 63 92 07 54
13 05 31 00 EF F0 DF D5 03 C7 6B 06 93 06 F0 03
83 47 31 00 63 EA E6 00 93 06 17 00 33 87 E9 00
23 83 DB 06 23 00 F7 00 13 07 80 05 63 64 F7 06
13 07 00 04 63 6C F7 02 13 07 B0 02 63 8E E7 14
13 07 D0 02 E3 92 E7 FA 37 07 00 04 83 57 07 02
93 06 70 0C 93 87 87 F3 93 97 07 01 93 D7 07 41
63 D4 F6 16 23 10 F7 02 6F 00 80 05 93 87 F7 FB
93 F7 F7 0F 13 07 70 01 E3 68 F7 F6 37 47 00 30
93 97 27 00 13 07 C7 A9 B3 87 E7 00 83 A7 07 00
67 80 07 00 93 87 F7 F9 6F F0 9F FD B7 07 00 04
83 97 07 02 37 87 00 04 23 16 F7 06 6F 00 40 0A
B7 87 00 04 23 96 07 06 B7 87 00 04 23 95 07 06
B7 8B 00 04 03 9B CB 06 93 0A 80 3E 63 46 0B 00
B7 07 00 04 83 9A 27 02 13 05 0B 00 EF C0 5F E2
B3 0A 55 03 93 07 80 3E B3 CA FA 02 93 9A 0A 01
93 DA 0A 41 63 0C 0B 00 93 87 0A 00 63 D4 0A 00
93 07 00 00 93 9A 07 01 93 DA 0A 41 37 8C 00 04
03 15 AC 06 EF C0 DF DE 93 0C 05 00 63 50 60 25
13 06 10 00 93 05 00 00 13 05 00 00 EF C0 5F F0
13 06 00 00 6F 00 00 24 B7 07 00 04 83 97 07 02
37 87 00 04 23 16 F7 06 13 07 20 00 B3 C7 E7 02
37 87 00 04 23 15 F7 06 6F F0 9F F6 B7 07 00 04
03 97 07 02 93 07 20 00 B7 86 00 04 B3 47 F7 02
23 96 F6 06 B7 87 00 04 23 95 E7 06 6F F0 5F F4
B7 07 00 04 83 D7 07 02 B3 07 F0 40 93 97 07 01
93 D7 07 41 6F F0 1F F1 B7 06 00 04 83 D7 06 02
37 17 00 00 13 07 07 77 93 87 87 0C 93 97 07 01
93 D7 07 41 63 46 F7 00 23 90 F6 02 6F F0 5F F0
23 90 E6 02 6F F0 DF EF 93 07 80 0C 6F F0 9F E9
37 07 00 04 83 57 27 02 93 06 40 1F E3 F2 F6 EE
93 87 67 FF 23 11 F7 02 6F F0 9F ED 37 07 00 04
83 57 27 02 93 06 F0 4A E3 E4 F6 EC 93 87 A7 00
6F F0 5F FE 37 87 00 04 83 47 87 06 93 B6 17 00
23 04 D7 06 37 87 00 04 A3 03 07 06 63 9A 07 02
37 86 00 00 93 05 09 00 13 85 44 06 EF D0 4F CE
93 87 44 06 13 07 00 08 93 06 00 08 13 06 00 00
93 05 00 00 13 05 04 00 EF F0 CF F3 6F F0 5F E7
EF C0 5F D8 B7 45 01 30 93 85 05 EE 13 05 00 00
EF C0 1F CF B7 87 00 04 83 9B C7 06 B7 0A 01 00
93 86 FA FF 13 86 0B 00 93 05 00 00 13 05 80 03
EF C0 DF B7 B7 45 01 30 93 85 85 EE 13 05 80 00
EF C0 1F CC B7 87 00 04 03 9B A7 06 93 86 FA FF
93 05 80 00 13 06 0B 00 13 05 80 03 EF C0 1F B5
B7 45 01 30 93 85 05 EF 13 05 00 01 EF C0 5F C9
13 85 0B 00 EF C0 DF C3 13 06 05 00 93 86 FA FF
93 05 00 01 13 05 80 03 EF C0 5F B2 B7 45 01 30
93 85 85 EF 13 05 80 01 EF C0 9F C6 13 05 0B 00
EF C0 1F C1 13 06 05 00 93 86 FA FF 93 05 80 01
13 05 80 03 EF C0 9F AF B7 45 01 30 93 85 05 F0
13 05 00 02 EF C0 DF C3 B7 07 00 04 03 96 07 02
93 86 FA FF 93 05 00 02 13 05 80 02 EF C0 1F AD
B7 45 01 30 93 85 85 F0 13 05 00 03 EF C0 5F C1
B7 07 00 04 03 96 27 02 93 06 00 7E 93 05 00 03
13 05 80 02 EF C0 9F AA 6F F0 9F ED 13 06 00 00
93 05 00 00 13 05 00 00 E3 02 0B DC EF C0 5F CC
13 06 10 00 93 05 10 00 13 05 00 00 EF C0 5F CB
83 17 AC 06 63 5E F0 00 13 06 10 00 93 05 60 00
13 05 00 00 EF C0 DF C9 13 06 00 00 6F 00 C0 01
13 06 00 00 93 05 60 00 13 05 00 00 E3 84 07 FE
EF C0 1F C8 13 06 10 00 93 05 70 00 13 05 00 00
37 5B 00 00 EF C0 DF C6 13 0B 0B E2 B3 06 5B 41
13 06 20 00 93 05 00 00 13 05 00 00 EF F0 5F A1
B3 06 9B 41 13 06 10 00 93 05 00 00 13 05 00 00
EF F0 1F A0 B7 87 00 04 83 C7 87 06 E3 96 07 BE
EF C0 5F BD B7 45 01 30 93 85 05 EE 13 05 00 00
EF C0 1F B4 83 9B CB 06 B7 0A 01 00 93 86 FA FF
13 86 0B 00 93 05 00 00 13 05 80 03 EF C0 1F 9D
B7 45 01 30 93 85 85 EE 13 05 80 00 EF C0 5F B1
03 1B AC 06 93 86 FA FF 93 05 80 00 13 06 0B 00
13 05 80 03 EF C0 9F 9A B7 45 01 30 93 85 05 EF
13 05 00 01 EF C0 DF AE 13 85 0B 00 EF C0 5F A9
13 06 05 00 93 86 FA FF 93 05 00 01 13 05 80 03
EF C0 DF 97 B7 45 01 30 93 85 85 EF 13 05 80 01
EF C0 1F AC 13 05 0B 00 EF C0 9F A6 13 06 05 00
93 86 FA FF 93 05 80 01 13 05 80 03 EF C0 1F 95
B7 45 01 30 93 85 05 F0 13 05 00 02 EF C0 5F A9
B7 07 00 04 03 96 07 02 93 86 FA FF 93 05 00 02
13 05 80 02 EF C0 9F 92 B7 45 01 30 93 85 85 F0
13 05 00 03 EF C0 DF A6 B7 07 00 04 03 96 27 02
93 06 00 7E 93 05 00 03 13 05 80 02 EF C0 1F 90
13 07 70 03 93 06 F0 07 13 06 00 00 93 05 00 00
13 05 04 00 EF E0 9F E0 B7 47 00 00 93 8A 44 06
93 87 07 80 33 8B FA 00 83 A5 0A 00 13 05 04 00
93 8A 4A 00 EF E0 1F A5 E3 18 5B FF 6F F0 DF AA
83 C7 6B 06 63 8C 07 06 13 0B 00 00 13 0C E0 05
6F 00 40 05 B3 87 69 01 83 CA 07 00 93 87 0A FE
93 F7 F7 0F 13 85 0A 00 63 78 FC 02 13 05 B0 05
EF F0 8F D7 93 D7 4A 00 B3 07 FA 00 03 C5 87 2F
93 FA FA 00 B3 0A 5A 01 EF F0 0F D6 03 C5 8A 2F
EF F0 8F D5 13 05 D0 05 13 0B 1B 00 EF F0 CF D4
13 7B FB 0F 83 C7 6B 06 E3 66 FB FA 37 45 01 30
13 05 05 F1 EF F0 0F D4 23 83 0B 06 B7 87 00 04
83 C7 87 06 E3 82 07 A2 37 87 00 04 83 57 47 06
93 06 50 09 93 87 17 00 93 97 07 01 93 D7 07 01
63 E6 F6 00 23 12 F7 06 6F F0 1F A0 23 12 07 06
37 87 00 04 83 47 77 06 93 05 09 00 93 B6 17 00
A3 03 D7 06 63 96 07 00 B7 C5 00 30 93 85 85 E0
37 86 00 00 13 85 44 06 EF D0 8F 8F 93 87 44 06
13 07 00 08 93 06 00 08 13 06 00 00 93 05 00 00
13 05 04 00 EF F0 0F B5 6F F0 1F 9B BC 35 00 30
48 34 00 30 48 34 00 30 98 35 00 30 48 34 00 30
48 34 00 30 48 34 00 30 48 34 00 30 4C 36 00 30
30 36 00 30 48 34 00 30 BC 35 00 30 48 34 00 30
48 34 00 30 48 34 00 30 64 36 00 30 48 34 00 30
48 34 00 30 10 35 00 30 48 34 00 30 48 34 00 30
48 34 00 30 FC 34 00 30 E0 35 00 30 00 00 00 00
00 00 00 00 18 18 18 18 18 00 18 00 6C 6C 6C 00
00 00 00 00 6C 6C FE 6C FE 6C 6C 00 18 3E 60 3C
06 7C 18 00 00 C6 CC 18 30 66 C6 00 38 6C 38 76
DC CC 76 00 30 30 60 00 00 00 00 00 0C 18 30 30
30 18 0C 00 60 30 18 18 18 30 60 00 00 66 3C FF
3C 66 00 00 00 18 18 7E 18 18 00 00 00 00 00 00
00 18 18 30 00 00 00 7E 00 00 00 00 00 00 00 00
00 18 18 00 06 0C 18 30 60 C0 80 00 3C 66 6E 7E
76 66 3C 00 18 38 18 18 18 18 7E 00 3C 66 06 0C
30 60 7E 00 3C 66 06 1C 06 66 3C 00 0C 1C 3C 6C
7E 0C 0C 00 7E 60 7C 06 06 66 3C 00 3C 66 60 7C
66 66 3C 00 7E 06 0C 18 30 30 30 00 3C 66 66 3C
66 66 3C 00 3C 66 66 3E 06 66 3C 00 00 18 18 00
00 18 18 00 00 18 18 00 00 18 18 30 0C 18 30 60
30 18 0C 00 00 00 7E 00 7E 00 00 00 60 30 18 0C
18 30 60 00 3C 66 0C 18 18 00 18 00 3C 66 6E 6E
60 66 3C 00 18 3C 66 66 7E 66 66 00 7C 66 66 7C
66 66 7C 00 3C 66 60 60 60 66 3C 00 78 6C 66 66
66 6C 78 00 7E 60 60 7C 60 60 7E 00 7E 60 60 7C
60 60 60 00 3C 66 60 6E 66 66 3E 00 66 66 66 7E
66 66 66 00 7E 18 18 18 18 18 7E 00 1E 0C 0C 0C
0C 6C 38 00 66 6C 78 70 78 6C 66 00 60 60 60 60
60 60 7E 00 C6 EE FE D6 C6 C6 C6 00 66 76 7E 7E
6E 66 66 00 3C 66 66 66 66 66 3C 00 7C 66 66 7C
60 60 60 00 3C 66 66 66 6E 3C 0E 00 7C 66 66 7C
78 6C 66 00 3C 66 60 3C 06 66 3C 00 7E 18 18 18
18 18 18 00 66 66 66 66 66 66 3C 00 66 66 66 66
66 3C 18 00 C6 C6 C6 D6 FE EE C6 00 66 66 3C 18
3C 66 66 00 66 66 66 3C 18 18 18 00 7E 06 0C 18
30 60 7E 00 3C 30 30 30 30 30 3C 00 C0 60 30 18
0C 06 02 00 3C 0C 0C 0C 0C 0C 3C 00 10 38 6C C6
00 00 00 00 00 00 00 00 00 00 00 FF 18 18 0C 00
00 00 00 00 00 00 3C 06 3E 66 3E 00 60 60 7C 66
66 66 7C 00 00 00 3C 66 60 66 3C 00 06 06 3E 66
66 66 3E 00 00 00 3C 66 7E 60 3C 00 1C 36 30 7C
30 30 30 00 00 00 3E 66 66 3E 06 3C 60 60 7C 66
66 66 66 00 18 00 38 18 18 18 3C 00 0C 00 1C 0C
0C 0C 6C 38 60 60 66 6C 78 6C 66 00 38 18 18 18
18 18 3C 00 00 00 EC FE D6 C6 C6 00 00 00 7C 66
66 66 66 00 00 00 3C 66 66 66 3C 00 00 00 7C 66
66 7C 60 60 00 00 3E 66 66 3E 06 06 00 00 7C 66
60 60 60 00 00 00 3E 60 3C 06 7C 00 30 30 7C 30
30 30 1C 00 00 00 66 66 66 66 3E 00 00 00 66 66
66 3C 18 00 00 00 C6 C6 D6 FE 6C 00 00 00 66 3C
18 3C 66 00 00 00 66 66 66 3E 06 3C 00 00 7E 0C
18 30 7E 00 0E 18 18 70 18 18 0E 00 18 18 18 18
18 18 18 00 70 18 18 0E 18 18 70 00 76 DC 00 00
00 00 00 00 30 31 32 33 34 35 36 37 38 39 41 42
43 44 45 46 00 00 00 00 FF FF FF FF FF FF FF FF
FF FF FF FF FF FF FF FF FF FF FF FF FF FF FF FF
FF FF FF FF FF FF FF FF FF FF FF FF FF FF FF FF
FF FF FF FF FF FF FF FF FF FF FF FF FF FF FF FF
FF FF FF FF FF FF FF FF FF FF FF FF FF FF FF FF
FF FF FF FF FF FF FF FF FF FF FF FF FF FF FF FF
FF FF FF FF FF FF FF FF FF FF FF FF FF FF FF FF
FF FF FF FF FF FF FF FF FF FF FF FF FF FF FF FF
FF FF FF FF FF FF FF FF FF FF FF FF FF FF FF FF
FF FF FF FF FF FF FF FF FF FF FF FF FF FF FF FF
FF FF FF FF FF FF FF FF FF FF FF FF FF FF FF FF
FF FF FF FF FF FF FF FF FF FF FF FF FF FF FF FF
FF FF FF FF FF FF FF FF FF FF FF FF FF FF FF FF
FF FF FF FF FF FF FF FF FF FF FF FF FF FF FF FF
FF FF FF FF FF FF FF FF FF FF FF FF FF FF FF FF
FF FF FF FF FF FF FF FF FF FF FF FF FF FF FF FF
FF FF FF FF FF FF FF FF FF FF FF FF FF FF FF FF
FF FF FF FF FF FF FF FF FF FF FF FF FF FF FF FF
FF FF FF FF FF FF FF FF FF FF FF FF FF FF FF FF
FF FF FF FF FF FF FF FF FF FF FF FF FF FF FF FF
FF FF FF FF FF FF FF FF FF FF FF FF FF FF FF FF
FF FF FF FF FF FF FF FF FF FF FF FF FF FF FF FF
FF FF FF FF FF FF FF FF FF FF FF FF FF FF FF FF
FF FF FF FF FF FF FF FF FF FF FF FF FF FF FF FF
FF FF FF FF FF FF FF FF FF FF FF FF FF FF FF FF
FF FF FF FF FF FF FF FF FF FF FF FF FF FF FF FF
FF FF FF FF FF FF FF FF FF FF FF FF FF FF FF FF
FF FF FF FF FF FF FF FF FF FF FF FF FF FF FF FF
FF FF FF FF FF FF FF FF FF FF FF FF FF FF FF FF
FF FF FF FF FF FF FF FF FF FF FF FF FF FF FF FF
FF FF FF FF FF FF FF FF FF FF FF FF FF FF FF FF
FF FF FF FF FF FF FF FF FF FF FF FF FF FF FF FF
FF FF FF FF FF FF FF FF FF FF FF FF FF FF FF FF
FF FF FF FF FF FF FF FF FF FF FF FF FF FF FF FF
FF FF FF FF FF FF FF FF FF FF FF FF FF FF FF FF
FF FF FF FF FF FF FF FF FF FF FF FF FF FF FF FF
FF FF FF FF FF FF FF FF FF FF FF FF FF FF FF FF
FF FF FF FF FF FF FF FF FF FF FF FF FF FF FF FF
FF FF FF FF FF FF FF FF FF FF FF FF FF FF FF FF
FF FF FF FF FF FF FF FF FF FF FF FF FF FF FF FF
FF FF FF FF FF FF FF FF FF FF FF FF FF FF FF FF
FF FF FF FF FF FF FF FF FF FF FF FF FF FF FF FF
FF FF FF FF FF FF FF FF 31 12 30 0A F1 11 11 12
FF FF FF FF FF FF FF FF FF FF FF FF FF FF FF FF
FF FF FF FF FF FF FF FF FF FF FF FF FF FF FF FF
FF FF FF FF FF FF FF FF FF FF FF FF FF FF FF FF
FF FF FF FF FF FF FF FF FF FF FF FF FF FF FF FF
FF FF FF FF FF FF FF FF FF FF FF FF FF FF FF FF
FF FF FF FF FF FF FF FF FF FF FF FF FF FF FF FF
FF FF FF FF FF FF FF FF FF FF FF FF FF FF FF FF
FF FF FF FF FF FF FF FF FF FF FF FF FF FF FF FF
FF FF FF FF FF FF FF FF FF FF FF FF FF FF FF FF
FF FF FF FF FF FF FF FF FF FF FF FF FF FF FF FF
FF FF FF FF FF FF FF FF FF FF FF FF FF FF FF FF
FF FF FF FF FF FF FF FF FF FF FF FF FF FF FF FF
FF FF FF FF FF FF FF FF FF FF FF FF FF FF FF FF
FF FF FF FF FF FF FF FF FF FF FF FF FF FF FF FF
FF FF FF FF FF FF FF FF FF FF FF FF FF FF FF FF
FF FF FF FF 10 0A 93 01 52 12 31 12 31 12 31 12
30 12 10 12 FF FF 8C 01 FF FF FF FF FF FF FF FF
FF FF FF FF FF FF FF FF FF FF FF FF FF FF FF FF
FF FF FF FF FF FF FF FF FF FF FF FF FF FF FF FF
FF FF FF FF FF FF FF FF FF FF FF FF FF FF FF FF
FF FF FF FF FF FF FF FF FF FF FF FF FF FF FF FF
FF FF FF FF FF FF FF FF FF FF FF FF FF FF FF FF
FF FF FF FF FF FF FF FF FF FF FF FF FF FF FF FF
FF FF FF FF FF FF FF FF FF FF FF FF FF FF FF FF
FF FF FF FF FF FF FF FF FF FF FF FF FF FF FF FF
FF FF FF FF FF FF FF FF FF FF FF FF FF FF FF FF
FF FF FF FF FF FF FF FF FF FF FF FF FF FF FF FF
FF FF FF FF FF FF FF FF FF FF FF FF FF FF FF FF
FF FF FF FF FF FF FF FF FF FF FF FF FF FF FF FF
FF FF FF FF FF FF FF FF FF FF FF FF FF FF FF FF
FF FF FF FF FF FF FF FF FF FF FF FF FF FF FF FF
FF FF FF FF 10 12 EF 01 52 12 53 12 52 12 31 12
52 12 31 12 FF FF 10 0A FF FF FF FF FF FF FF FF
FF FF FF FF FF FF FF FF FF FF FF FF FF FF FF FF
FF FF FF FF FF FF FF FF FF FF FF FF FF FF FF FF
FF FF FF FF FF FF FF FF FF FF FF FF FF FF FF FF
FF FF FF FF FF FF FF FF FF FF FF FF FF FF FF FF
FF FF FF FF FF FF FF FF FF FF FF FF FF FF FF FF
FF FF FF FF FF FF FF FF FF FF FF FF FF FF FF FF
FF FF FF FF FF FF FF FF FF FF FF FF FF FF FF FF
FF FF FF FF FF FF FF FF FF FF FF FF FF FF FF FF
FF FF FF FF FF FF FF FF FF FF FF FF FF FF FF FF
FF FF FF FF FF FF FF FF FF FF FF FF FF FF FF FF
FF FF FF FF FF FF FF FF FF FF FF FF FF FF FF FF
FF FF FF FF FF FF FF FF FF FF FF FF FF FF FF FF
FF FF FF FF FF FF FF FF FF FF FF FF FF FF FF FF
FF FF FF FF FF FF FF FF FF FF FF FF FF FF FF FF
FF FF FF FF 31 12 AA 02 31 12 31 12 10 12 10 12
53 12 31 12 AF 11 11 12 FF FF FF FF FF FF FF FF
FF FF FF FF FF FF FF FF FF FF FF FF FF FF FF FF
FF FF FF FF FF FF FF FF FF FF FF FF FF FF FF FF
FF FF FF FF FF FF FF FF FF FF FF FF FF FF FF FF
FF FF FF FF FF FF FF FF FF FF FF FF FF FF FF FF
FF FF FF FF FF FF FF FF FF FF FF FF FF FF FF FF
FF FF FF FF FF FF FF FF FF FF FF FF FF FF FF FF
FF FF FF FF FF FF FF FF FF FF FF FF FF FF FF FF
FF FF FF FF FF FF FF FF FF FF FF FF FF FF FF FF
FF FF FF FF FF FF FF FF FF FF FF FF FF FF FF FF
FF FF FF FF FF FF FF FF FF FF FF FF FF FF FF FF
FF FF FF FF FF FF FF FF FF FF FF FF FF FF FF FF
FF FF FF FF FF FF FF FF FF FF FF FF FF FF FF FF
FF 07 FF FF EF 11 F0 11 FF FF FF FF FF FF FF FF
FF FF FF FF FF FF FF FF FF FF FF FF FF FF FF FF
FF FF FF FF F7 01 FF FF 31 12 10 0A 10 12 11 12
11 12 10 12 11 12 31 12 FF FF F1 09 FF FF FF FF
FF FF FF FF FF FF FF FF FF FF FF FF FF FF FF FF
FF FF FF FF FF FF FF FF FF FF FF FF FF FF FF FF
FF FF FF FF FF FF FF FF FF FF FF FF FF FF FF FF
FF FF FF FF FF FF FF FF FF FF FF FF FF FF FF FF
FF FF FF FF FF FF FF FF FF FF FF FF FF FF FF FF
FF FF FF FF FF FF FF FF FF FF FF FF FF FF FF FF
FF FF FF FF FF FF FF FF FF FF FF FF FF FF FF FF
FF FF FF FF FF FF FF FF FF FF FF FF FF FF FF FF
FF FF FF FF FF FF FF FF FF FF FF FF FF FF FF FF
FF FF FF FF FF FF FF FF FF FF FF FF FF FF FF FF
FF FF FF FF FF FF FF FF FF FF FF FF FF FF FF FF
FF FF FF FF FF FF FF FF FF FF FF FF FF FF FF FF
2F 1A FF FF 31 12 10 12 FF FF F0 11 FF FF FF FF
FF FF FF FF FF FF FF FF FF FF FF FF FF FF FF FF
FF FF FF FF FF FF FF FF 11 12 F0 09 10 12 31 12
10 12 10 12 32 12 31 12 0A FF 10 12 30 0A 0F 12
FF FF D1 01 FF FF FF FF FF FF FF FF FF FF FF FF
FF FF FF FF FF FF FF FF FF FF FF FF FF FF FF FF
FF FF FF FF FF FF FF FF FF FF FF FF FF FF FF FF
FF FF FF FF FF FF FF FF FF FF FF FF FF FF FF FF
FF FF FF FF FF FF FF FF FF FF FF FF FF FF FF FF
FF FF FF FF FF FF FF FF FF FF FF FF FF FF FF FF
FF FF FF FF FF FF FF FF FF FF FF FF FF FF FF FF
FF FF FF FF FF FF FF FF FF FF FF FF FF FF FF FF
FF FF FF FF FF FF FF FF FF FF FF FF FF FF FF FF
FF FF FF FF FF FF FF FF FF FF FF FF FF FF FF FF
FF FF FF FF FF FF FF FF FF FF FF FF FF FF FF FF
FF FF FF FF FF FF FF FF FF FF FF FF FF FF FF FF
10 12 FF FF 52 12 31 12 8C 31 10 12 FF FF FF FF
FF FF FF FF FF FF FF FF FF FF FF FF FF FF FF FF
FF FF FF FF FF FF FF FF 10 12 FF FF 11 12 31 12
10 12 10 12 31 12 10 12 10 12 10 12 32 12 31 12
FF FF 11 0A FF FF FF FF FF FF FF FF FF FF FF FF
FF FF FF FF FF FF FF FF FF FF FF FF FF FF FF FF
FF FF FF FF FF FF FF FF FF FF FF FF FF FF FF FF
FF FF FF FF FF FF FF FF FF FF FF FF FF FF FF FF
FF FF FF FF FF FF FF FF FF FF FF FF FF FF FF FF
FF FF FF FF FF FF FF FF FF FF FF FF FF FF FF FF
FF FF FF FF FF FF FF FF FF FF FF FF FF FF FF FF
FF FF FF FF FF FF FF FF FF FF FF FF FF FF FF FF
FF FF FF FF FF FF FF FF FF FF FF FF FF FF FF FF
FF FF FF FF FF FF FF FF FF FF FF FF FF FF FF FF
FF FF FF FF FF FF FF FF FF FF FF FF FF FF FF FF
FF FF FF FF FF FF FF FF FF FF FF FF FF FF FF FF
10 12 0F FF 31 12 52 12 11 12 11 12 FF FF FF FF
FF FF FF FF FF FF FF FF FF FF FF FF FF FF FF FF
FF FF FF FF FF FF FF FF 10 12 D1 11 11 12 31 12
10 12 10 12 10 12 10 12 10 12 11 12 52 12 52 12
0F FF 11 12 FF FF FF FF FF FF FF FF FF FF FF FF
FF FF FF FF FF FF FF FF FF FF FF FF FF FF FF FF
FF FF FF FF FF FF FF FF FF FF FF FF FF FF FF FF
FF FF FF FF FF FF FF FF FF FF FF FF FF FF FF FF
FF FF FF FF FF FF FF FF FF FF FF FF FF FF FF FF
FF FF FF FF FF FF FF FF FF FF FF FF FF FF FF FF
FF FF FF FF FF FF FF FF FF FF FF FF FF FF FF FF
FF FF FF FF FF FF FF FF FF FF FF FF FF FF FF FF
FF FF FF FF FF FF FF FF FF FF FF FF FF FF FF FF
FF FF FF FF FF FF FF FF FF FF FF FF FF FF FF FF
FF FF FF FF FF FF FF FF FF FF FF FF FF FF FF FF
FF FF FF FF FF FF FF FF FF FF FF FF FF FF FF FF
10 12 10 12 31 12 31 12 11 12 32 12 FF FF 8C 01
FF FF FF FF FF FF FF FF FF FF FF FF FF FF FF FF
FF FF FF FF F0 09 AF 11 31 12 11 12 10 12 11 12
10 12 10 12 10 12 10 12 11 12 10 12 31 12 31 12
2E 02 10 12 FF FF FF FF FF FF FF FF FF FF FF FF
FF FF FF FF FF FF FF FF FF FF FF FF FF FF FF FF
FF FF FF FF FF FF FF FF FF FF FF FF FF FF FF FF
FF FF FF FF FF FF FF FF FF FF FF FF FF FF FF FF
FF FF FF FF FF FF FF FF FF FF FF FF FF FF FF FF
FF FF FF FF FF FF FF FF FF FF FF FF FF FF FF FF
FF FF FF FF FF FF FF FF FF FF FF FF FF FF FF FF
FF FF FF FF FF FF FF FF FF FF FF FF FF FF FF FF
FF FF FF FF FF FF FF FF FF FF FF FF FF FF FF FF
FF FF FF FF FF FF FF FF FF FF FF FF FF FF FF FF
FF FF FF FF FF FF FF FF FF FF FF FF FF FF FF FF
FF FF FF FF FF FF FF FF FF FF FF FF 0F FF FF FF
31 12 11 12 11 12 11 12 10 12 31 12 FF FF 8F 19
FF FF FF FF FF FF FF FF FF FF FF FF 8F 19 EF 19
31 12 2F 0A 11 12 11 12 11 12 32 12 10 12 10 12
10 12 10 12 10 12 10 12 31 12 11 12 32 12 31 12
F0 11 10 12 FF FF FF FF FF FF FF FF FF FF FF FF
FF FF FF FF FF FF FF FF FF FF FF FF FF FF FF FF
FF FF FF FF FF FF FF FF FF FF FF FF FF FF FF FF
FF FF FF FF FF FF FF FF FF FF FF FF FF FF FF FF
FF FF FF FF FF FF FF FF FF FF FF FF FF FF FF FF
FF FF FF FF FF FF FF FF FF FF FF FF FF FF FF FF
FF FF FF FF FF FF FF FF FF FF FF FF FF FF FF FF
FF FF FF FF FF FF FF FF FF FF FF FF FF FF FF FF
FF FF FF FF FF FF FF FF FF FF FF FF FF FF FF FF
FF FF FF FF FF FF FF FF FF FF FF FF FF FF FF FF
FF FF FF FF FF FF FF FF FF FF FF FF FF FF FF FF
FF FF FF FF FF FF FF FF FF FF FF FF EF 19 FF FF
31 12 10 12 10 12 11 12 10 12 31 12 FF FF EF 11
FF FF FF FF FF FF FF FF 31 12 EF 03 10 12 11 12
31 12 10 12 31 12 32 12 10 12 31 12 10 12 10 12
10 12 10 12 11 12 10 12 31 12 31 12 31 12 10 12
2E 12 10 12 FF FF FF FF FF FF FF FF FF FF FF FF
FF FF FF FF FF FF FF FF FF FF FF FF FF FF FF FF
FF FF FF FF FF FF FF FF FF FF FF FF FF FF FF FF
FF FF FF FF FF FF FF FF FF FF FF FF FF FF FF FF
FF FF FF FF FF FF FF FF FF FF FF FF FF FF FF FF
FF FF FF FF FF FF FF FF FF FF FF FF FF FF FF FF
FF FF FF FF FF FF FF FF FF FF FF FF FF FF FF FF
FF FF FF FF FF FF FF FF FF FF FF FF FF FF FF FF
FF FF FF FF FF FF FF FF FF FF FF FF FF FF FF FF
FF FF FF FF FF FF FF FF FF FF FF FF FF FF FF FF
FF FF FF FF FF FF FF FF FF FF FF FF FF FF FF FF
FF FF FF FF FF FF FF FF FF FF FF FF 10 1A FF FF
31 12 10 12 11 12 10 12 10 12 31 12 FF FF 2E 12
FF FF FF FF 11 12 AA 02 31 12 30 12 31 12 32 12
31 12 31 12 10 12 31 12 10 12 10 12 10 12 10 12
10 12 10 12 11 12 11 12 11 12 31 12 31 12 11 0A
1F FF 31 0A FF FF FF FF FF FF FF FF FF FF FF FF
FF FF FF FF FF FF FF FF FF FF FF FF FF FF FF FF
FF FF FF FF FF FF FF FF FF FF FF FF FF FF FF FF
FF FF FF FF FF FF FF FF FF FF FF FF FF FF FF FF
FF FF FF FF FF FF FF FF FF FF FF FF FF FF FF FF
FF FF FF FF FF FF FF FF FF FF FF FF FF FF FF FF
FF FF FF FF FF FF FF FF FF FF FF FF FF FF FF FF
FF FF FF FF FF FF FF FF FF FF FF FF FF FF FF FF
FF FF FF FF FF FF FF FF FF FF FF FF FF FF FF FF
FF FF FF FF FF FF FF FF FF FF FF FF FF FF FF FF
FF FF FF FF FF FF FF FF FF FF FF FF FF FF FF FF
FF FF FF FF FF FF FF FF FF FF FF FF 31 12 EF 03
11 12 31 12 11 12 10 12 10 12 31 12 FF FF E7 01
10 12 F0 09 11 12 10 12 31 12 31 12 31 12 31 12
10 12 31 12 10 12 10 12 10 12 10 12 10 12 10 12
10 12 10 12 11 12 52 12 8F 19 10 12 FF FF FF FF
FF FF FF FF FF FF FF FF FF FF FF FF FF FF FF FF
FF FF FF FF FF FF FF FF FF FF FF FF FF FF FF FF
FF FF FF FF FF FF FF FF FF FF FF FF FF FF FF FF
FF FF FF FF FF FF FF FF FF FF FF FF FF FF FF FF
FF FF FF FF FF FF FF FF FF FF FF FF FF FF FF FF
FF FF FF FF FF FF FF FF FF FF FF FF FF FF FF FF
FF FF FF FF FF FF FF FF FF FF FF FF FF FF FF FF
FF FF FF FF FF FF FF FF FF FF FF FF FF FF FF FF
FF FF FF FF FF FF FF FF FF FF FF FF FF FF FF FF
FF FF FF FF 71 12 B5 02 31 12 31 12 FF FF 10 12
FF FF FF FF FF FF FF FF FF FF FF FF FF FF FF FF
FF FF FF FF FF FF FF FF FF FF FF FF 10 12 4D 02
11 12 31 12 10 12 10 12 10 12 31 12 10 12 F0 11
31 12 31 12 32 12 31 12 10 12 31 12 10 12 10 12
10 12 10 12 10 12 10 12 10 12 10 12 10 12 10 12
31 12 10 12 10 12 31 12 FF FF FF FF FF FF FF FF
FF FF FF FF FF FF FF FF FF FF FF FF FF FF FF FF
FF FF FF FF FF FF FF FF FF FF FF FF FF FF FF FF
FF FF FF FF FF FF FF FF FF FF FF FF FF FF FF FF
FF FF FF FF FF FF FF FF FF FF FF FF FF FF FF FF
FF FF FF FF FF FF FF FF FF FF FF FF FF FF FF FF
FF FF FF FF FF FF FF FF FF FF FF FF FF FF FF FF
FF FF FF FF FF FF FF FF FF FF FF FF FF FF FF FF
FF FF FF FF FF FF FF FF FF FF FF FF FF FF FF FF
FF FF FF FF FF FF FF FF F0 09 FF FF 11 12 F1 09
10 12 10 12 10 12 11 12 31 12 11 12 11 12 31 12
FF FF F0 11 FF FF FF FF FF FF FF FF FF FF FF FF
FF FF FF FF FF FF FF FF FF FF FF FF 11 12 10 12
10 12 31 12 10 12 10 12 10 12 10 12 31 12 31 12
32 12 52 12 10 12 31 12 10 12 10 12 10 12 10 12
10 12 10 12 32 12 31 12 31 12 52 12 10 12 10 12
31 12 31 12 CF 09 10 12 FF FF FF FF FF FF FF FF
FF FF FF FF FF FF FF FF FF FF FF FF FF FF FF FF
FF FF FF FF FF FF FF FF FF FF FF FF FF FF FF FF
FF FF FF FF FF FF FF FF FF FF FF FF FF FF FF FF
FF FF FF FF FF FF FF FF FF FF FF FF FF FF FF FF
FF FF FF FF FF FF FF FF FF FF FF FF FF FF FF FF
FF FF FF FF FF FF FF FF FF FF FF FF FF FF FF FF
FF FF FF FF FF FF FF FF FF FF FF FF FF FF FF FF
FF FF FF FF FF FF FF FF FF FF FF FF F0 09 0F FF
F0 11 11 12 10 12 10 12 31 12 10 12 31 12 31 12
11 12 31 12 32 12 31 12 32 12 52 12 31 12 32 12
10 0A 31 12 FF FF CE 19 FF FF FF FF FF FF FF FF
FF FF FF FF FF FF FF FF 10 0A AF 02 11 12 10 12
10 12 11 12 10 12 10 12 11 12 10 12 31 12 32 12
10 12 10 12 10 12 10 12 10 12 10 12 10 12 10 12
32 12 31 12 31 12 31 12 11 12 31 12 10 12 11 12
31 12 31 12 FF FF 10 0A FF FF FF FF FF FF FF FF
FF FF FF FF FF FF FF FF FF FF FF FF FF FF FF FF
FF FF FF FF FF FF FF FF FF FF FF FF FF FF FF FF
FF FF FF FF FF FF FF FF FF FF FF FF FF FF FF FF
FF FF FF FF FF FF FF FF FF FF FF FF FF FF FF FF
FF FF FF FF FF FF FF FF FF FF FF FF FF FF FF FF
FF FF FF FF D1 11 FF FF FF FF F1 09 FF FF FF FF
FF FF FF FF FF FF FF FF FF FF FF FF FF FF FF FF
10 12 F1 11 F0 11 F0 09 31 12 10 12 31 12 10 12
31 12 31 12 11 12 11 12 52 12 31 12 52 12 52 12
31 12 31 12 10 12 11 12 10 12 10 12 31 12 10 12
31 12 52 12 FF FF 31 12 FF FF FF FF FF FF FF FF
FF FF FF FF FF FF FF FF 11 12 F1 11 31 12 31 12
10 12 10 12 10 12 10 12 10 12 10 12 10 12 10 12
10 12 10 12 10 12 10 12 10 12 10 12 32 12 31 12
31 12 31 12 F0 11 10 12 10 0A 0F 0A 11 12 31 12
31 12 11 12 52 02 10 12 FF FF FF FF FF FF FF FF
FF FF FF FF FF FF FF FF FF FF FF FF FF FF FF FF
FF FF FF FF FF FF FF FF FF FF FF FF FF FF FF FF
FF FF FF FF FF FF FF FF FF FF FF FF FF FF FF FF
FF FF FF FF FF FF FF FF FF FF FF FF FF FF FF FF
FF FF FF FF FF FF FF FF FF FF FF FF FF FF FF FF
31 0A AF 02 31 12 11 12 11 0A 52 12 FF FF 8C 01
FF FF FF FF 10 0A FF FF 11 0A 10 12 10 12 F0 09
31 12 31 12 11 12 31 12 31 12 31 12 52 12 31 12
32 12 32 12 31 12 31 12 10 12 11 12 10 12 10 12
10 12 10 12 10 12 10 12 10 12 10 12 10 12 10 12
32 12 31 12 FF FF 31 12 FF FF FF FF FF FF FF FF
FF FF FF FF FF FF FF FF 11 12 F1 11 10 12 32 12
10 12 10 12 10 12 10 12 10 12 10 12 10 12 10 12
10 12 10 12 31 12 10 12 32 12 31 12 10 12 31 12
10 12 11 12 FF FF FF FF 30 12 FF FF 11 12 32 12
31 12 11 12 FF FF 10 12 FF FF FF FF FF FF FF FF
FF FF FF FF FF FF FF FF FF FF FF FF FF FF FF FF
FF FF FF FF FF FF FF FF FF FF FF FF FF FF FF FF
FF FF FF FF FF FF FF FF FF FF FF FF FF FF FF FF
FF FF FF FF FF FF FF FF FF FF FF FF FF FF FF FF
FF FF FF FF FF FF FF FF FF FF FF FF 10 12 FF FF
31 12 10 12 32 12 31 12 11 12 52 12 F0 11 10 12
10 12 10 12 31 12 F0 09 31 12 31 12 11 12 11 12
52 12 52 12 31 12 32 12 31 12 31 12 10 12 11 12
10 12 10 12 10 12 10 12 10 12 10 12 10 12 10 12
10 12 10 12 10 12 10 12 10 12 10 12 31 12 11 12
10 12 31 12 FF FF D1 19 FF FF FF FF FF FF FF FF
FF FF FF FF FF FF FF FF 11 12 10 1A 10 12 31 12
10 12 10 12 10 12 10 12 10 12 10 12 10 12 10 12
31 12 10 12 31 12 31 12 31 12 32 12 F0 11 11 12
FF FF FF FF FF FF FF FF 11 12 EF 03 31 12 31 12
11 12 31 12 CF 09 10 0A 6F 1A 2E 12 FF FF EF 01
FF FF FF FF FF FF FF FF FF FF FF FF FF FF FF FF
FF FF FF FF 10 0A EF 03 F0 11 31 12 F0 11 F0 11
F0 11 F0 11 10 12 F0 11 10 12 10 12 10 12 10 12
51 12 10 12 AA 02 10 0A FF FF FF FF FF FF FF FF
FF FF FF FF FF FF FF FF EF 03 FF FF 31 12 11 12
32 12 31 12 10 12 31 12 31 12 10 12 10 12 10 12
10 12 10 12 32 12 10 12 31 12 32 12 11 12 31 12
10 12 10 12 10 12 10 12 10 12 10 12 10 12 10 12
10 12 10 12 10 12 10 12 10 12 10 12 10 12 10 12
10 12 10 12 31 12 31 12 31 12 31 12 32 12 31 12
F0 09 31 12 FF FF FF FF FF FF FF FF FF FF FF FF
FF FF FF FF FF FF FF FF 31 12 10 12 10 12 31 12
10 12 10 12 10 12 10 12 10 12 10 12 31 12 10 12
31 12 31 12 11 0A 11 12 11 12 31 12 FF FF FF FF
FF FF FF FF FF FF FF FF 31 12 EF 03 31 12 31 12
10 12 11 12 11 12 31 12 31 12 31 12 31 12 31 12
FF FF 10 0A FF FF FF FF FF FF FF FF FF FF FF FF
FF FF FF FF 10 12 10 0A 10 12 31 12 10 12 10 12
10 12 10 12 10 12 10 12 10 12 10 12 10 12 10 12
31 12 10 12 2E 12 10 12 FF FF FF FF FF FF FF FF
FF FF FF FF FF FF FF FF 6F 1A FF FF 52 12 10 12
10 12 31 12 10 12 10 12 10 12 10 12 31 12 31 12
31 12 31 12 11 12 31 12 10 12 11 12 10 12 10 12
10 12 10 12 10 12 10 12 10 12 10 12 10 12 10 12
10 12 10 12 10 12 10 12 11 12 10 12 31 12 31 12
31 12 31 12 31 12 31 12 10 12 10 12 11 12 11 12
FF FF EF 11 FF FF FF FF FF FF FF FF FF FF FF FF
FF FF FF FF FF FF FF FF 31 12 11 12 10 12 31 12
10 12 10 12 10 12 10 12 11 12 10 12 31 12 31 12
31 12 11 12 55 01 30 12 FF FF B5 02 FF FF FF FF
FF FF FF FF FF FF FF FF 10 12 8C 01 11 12 31 12
10 12 10 12 31 12 31 12 31 12 31 12 11 12 31 12
31 12 10 12 FF FF FF FF FF FF FF FF FF FF FF FF
FF FF FF FF 11 12 F0 11 52 12 52 12 32 12 32 12
32 12 32 12 32 12 32 12 32 12 32 12 32 12 32 12
52 12 52 12 CE 11 10 12 FF FF FF FF FF FF FF FF
FF FF FF FF FF FF FF FF 52 22 FF FF 32 12 10 12
10 12 11 12 10 12 10 12 10 12 10 12 10 12 10 12
10 12 10 12 10 12 10 12 10 12 10 12 10 12 10 12
10 12 10 12 10 12 10 12 10 12 10 12 10 12 10 12
10 12 10 12 11 12 10 12 31 12 31 12 10 12 31 12
31 12 10 12 11 12 11 12 30 0A 10 12 EF 11 F1 11
FF FF FF FF FF FF FF FF FF FF FF FF FF FF FF FF
FF FF FF FF FF FF FF FF 31 12 10 12 10 12 31 12
10 12 10 12 11 12 10 12 31 12 11 12 31 12 11 12
31 12 11 12 FF FF FF FF FF FF FF FF FF FF FF FF
FF FF FF FF FF FF FF FF F0 11 EF 01 11 12 31 12
10 12 10 12 31 12 11 12 31 12 31 12 32 12 31 12
0F 12 31 12 FF FF FF FF FF FF FF FF FF FF FF FF
FF FF FF FF 10 12 AF 11 10 12 31 12 10 12 10 12
10 12 10 12 31 12 10 12 31 12 31 12 31 12 31 12
52 12 31 12 31 12 10 12 FF FF FF FF FF FF FF FF
FF FF FF FF FF FF FF FF 1F FF FF FF 11 12 10 12
10 12 31 12 10 12 10 12 10 12 10 12 10 12 10 12
10 12 10 12 10 12 10 12 10 12 10 12 10 12 10 12
10 12 10 12 10 12 10 12 10 12 10 12 10 12 10 12
10 12 10 12 31 12 11 12 11 12 10 12 30 12 31 12
30 12 31 12 FF FF 2E 12 FF FF FF FF FF FF FF FF
FF FF FF FF FF FF FF FF FF FF FF FF FF FF FF FF
FF FF FF FF EF 01 FF FF 32 12 11 12 10 12 31 12
10 12 10 12 31 12 11 12 11 12 31 12 F0 09 31 0A
FF FF FF FF FF FF FF FF FF FF FF FF FF FF FF FF
FF FF FF FF FF FF FF FF F0 11 33 33 11 12 31 12
10 12 10 12 10 12 10 12 10 12 10 12 31 12 10 12
10 12 10 12 FF FF FF FF FF FF FF FF FF FF FF FF
FF FF FF FF CF 11 FF FF 10 12 51 12 F0 11 F0 11
F0 11 F0 11 11 12 10 0A 11 12 11 12 11 12 11 12
52 12 11 12 B5 02 31 12 FF FF FF FF FF FF FF FF
FF FF FF FF FF FF FF FF FF FF FF FF 10 12 EF 09
10 12 31 12 10 12 10 12 10 12 10 12 10 12 10 12
10 12 10 12 10 12 10 12 10 12 10 12 10 12 10 12
10 12 10 12 10 12 10 12 10 12 10 12 10 12 10 12
31 12 10 12 31 12 10 12 F0 11 31 12 FF FF F0 09
FF FF FF FF FF FF FF FF FF FF FF FF FF FF FF FF
FF FF FF FF FF FF FF FF FF FF FF FF FF FF FF FF
FF FF FF FF 4F 01 FF FF 32 12 10 12 10 12 31 12
31 12 10 12 31 12 32 12 EF 09 31 12 FF FF FF FF
FF FF FF FF FF FF FF FF FF FF FF FF FF FF FF FF
FF FF FF FF FF FF FF FF 10 12 33 33 10 12 31 12
10 12 10 12 10 12 11 12 10 12 10 12 32 12 31 12
52 02 11 12 FF FF FF FF FF FF FF FF FF FF FF FF
FF FF FF FF 10 12 71 22 F0 11 10 12 F0 11 F0 11
F0 11 F0 11 10 0A 10 12 10 0A 10 0A 10 12 10 0A
31 12 10 12 EF 03 10 12 FF FF FF FF FF FF FF FF
FF FF FF FF FF FF FF FF FF FF FF FF 10 12 EF 01
31 12 52 12 10 12 10 12 10 12 10 12 10 12 10 12
10 12 10 12 10 12 10 12 10 12 10 12 10 12 10 12
10 12 10 12 10 12 10 12 10 12 10 12 10 12 10 12
31 12 11 12 EF 09 10 12 FF FF FF FF FF FF FF FF
FF FF FF FF FF FF FF FF FF FF FF FF FF FF FF FF
FF FF FF FF FF FF FF FF FF FF FF FF FF FF FF FF
FF FF FF FF 0F FF FF FF 31 12 10 12 31 12 11 12
52 12 31 12 10 12 31 12 FF FF 8C 01 FF FF FF FF
FF FF FF FF FF FF FF FF FF FF FF FF FF FF FF FF
FF FF FF FF 31 0A FF FF 31 12 10 12 10 12 31 12
10 12 10 12 10 12 10 12 10 12 10 12 31 12 31 12
FF FF 30 12 FF FF FF FF FF FF FF FF FF FF FF FF
FF FF FF FF 31 12 11 12 31 12 52 12 31 12 31 12
31 12 31 12 31 12 31 12 31 12 31 12 32 12 32 12
52 12 32 12 8F 19 11 12 FF FF FF FF FF FF FF FF
FF FF FF FF FF FF FF FF FF FF FF FF 31 12 FF FF
31 12 31 12 10 12 10 12 10 12 10 12 10 12 10 12
10 12 10 12 10 12 10 12 10 12 10 12 10 12 10 12
10 12 10 12 10 12 10 12 10 12 10 12 10 12 10 12
11 12 31 12 FF FF 10 12 FF FF FF FF FF FF FF FF
FF FF FF FF FF FF FF FF FF FF FF FF FF FF FF FF
FF FF FF FF FF FF FF FF FF FF FF FF FF FF FF FF
FF FF FF FF FF FF FF FF CE 19 FF FF 73 12 11 12
31 12 31 12 FF FF 10 12 FF FF FF FF FF FF FF FF
FF FF FF FF FF FF FF FF FF FF FF FF FF FF FF FF
EF 39 FF FF 31 12 10 12 31 12 31 12 10 12 10 12
10 12 11 12 31 12 10 12 11 12 10 12 10 12 31 12
FF FF AF 11 FF FF FF FF FF FF FF FF FF FF FF FF
FF FF FF FF 31 12 31 0A 52 12 53 12 52 12 52 12
52 12 52 12 32 12 32 12 32 12 32 12 32 12 32 12
73 12 52 12 CE 11 10 12 FF FF FF FF FF FF FF FF
FF FF FF FF FF FF FF FF FF FF FF FF FF FF FF FF
31 12 F0 11 10 12 31 12 10 12 10 12 10 12 10 12
10 12 10 12 10 12 10 12 10 12 10 12 10 12 10 12
10 12 10 12 10 12 10 12 10 12 10 12 11 12 10 12
10 12 11 12 FF FF EF 19 FF FF FF FF FF FF FF FF
FF FF FF FF FF FF FF FF FF FF FF FF FF FF FF FF
FF FF FF FF FF FF FF FF FF FF FF FF FF FF FF FF
FF FF FF FF FF FF FF FF FF FF FF FF 52 12 31 0A
0F 12 31 12 FF FF FF FF FF FF FF FF FF FF FF FF
FF FF FF FF FF FF FF FF FF FF FF FF FF FF FF FF
31 12 FF FF 52 12 10 12 10 12 32 12 11 12 10 12
10 12 31 12 31 12 10 12 11 12 11 12 10 12 31 12
FF FF 2D 21 FF FF FF FF FF FF FF FF FF FF FF FF
FF FF FF FF 11 12 10 12 10 12 31 12 10 12 10 12
11 12 10 12 31 12 31 12 10 12 10 12 10 12 10 12
31 12 10 12 EF 11 10 12 FF FF FF FF FF FF FF FF
FF FF FF FF FF FF FF FF FF FF FF FF FF FF FF FF
10 12 2E 12 10 12 32 12 10 12 10 12 10 12 10 12
10 12 10 12 10 12 10 12 10 12 10 12 10 12 10 12
10 12 10 12 10 12 10 12 10 12 10 12 31 12 10 12
10 12 31 12 FF FF FF FF FF FF FF FF FF FF FF FF
FF FF FF FF FF FF FF FF FF FF FF FF FF FF FF FF
FF FF FF FF FF FF FF FF FF FF FF FF FF FF FF FF
FF FF FF FF FF FF FF FF FF FF FF FF EF 19 FF FF
FF FF FF FF FF FF FF FF FF FF FF FF FF FF FF FF
FF FF FF FF FF FF FF FF FF FF FF FF FF FF FF FF
11 12 0F FF 31 12 31 12 10 12 10 12 10 12 10 12
11 12 10 12 10 12 10 12 11 12 10 12 10 12 31 12
FF FF AF 11 FF FF FF FF FF FF FF FF FF FF FF FF
FF FF FF FF 30 12 2E 12 10 12 11 12 F0 11 F0 11
10 12 F0 11 10 12 10 12 10 12 11 12 10 12 10 12
31 12 11 12 EF 11 10 12 FF FF FF FF FF FF FF FF
FF FF FF FF FF FF FF FF FF FF FF FF FF FF FF FF
10 12 AA 02 11 12 31 12 10 12 10 12 10 12 10 12
10 12 10 12 10 12 10 12 10 12 10 12 10 12 10 12
10 12 10 12 10 12 10 12 10 12 10 12 52 12 31 12
31 12 32 12 FF FF EF 01 FF FF FF FF FF FF FF FF
FF FF FF FF FF FF FF FF FF FF FF FF FF FF FF FF
FF FF FF FF FF FF FF FF FF FF FF FF FF FF FF FF
FF FF FF FF FF FF FF FF FF FF FF FF FF FF FF FF
FF FF FF FF FF FF FF FF FF FF FF FF FF FF FF FF
FF FF FF FF FF FF FF FF FF FF FF FF FF FF FF FF
10 12 CE 19 10 12 32 12 10 12 10 12 10 12 10 12
31 12 10 12 10 12 31 12 10 12 10 12 10 12 31 12
FF FF F1 19 FF FF FF FF FF FF FF FF FF FF FF FF
FF FF FF FF FF FF FF FF FF FF FF FF FF FF FF FF
FF FF FF FF 10 12 8F 19 11 12 31 12 10 12 10 12
31 12 11 12 EF 11 10 12 FF FF FF FF FF FF FF FF
FF FF FF FF FF FF FF FF FF FF FF FF FF FF FF FF
F1 11 FF FF 31 12 11 12 10 12 10 12 10 12 10 12
10 12 10 12 10 12 10 12 10 12 10 12 10 12 10 12
10 12 10 12 10 12 10 12 31 12 31 12 31 12 31 12
11 12 31 12 FF FF FF 07 FF FF FF FF FF FF FF FF
FF FF FF FF FF FF FF FF FF FF FF FF FF FF FF FF
FF FF FF FF FF FF FF FF FF FF FF FF FF FF FF FF
FF FF FF FF FF FF FF FF FF FF FF FF FF FF FF FF
FF FF FF FF FF FF FF FF FF FF FF FF FF FF FF FF
FF FF FF FF FF FF FF FF FF FF FF FF FF FF FF FF
11 12 10 12 10 12 31 12 10 12 10 12 10 12 10 12
10 12 10 12 10 12 10 12 10 12 10 12 10 12 31 12
FF FF 71 12 FF FF FF FF FF FF FF FF FF FF FF FF
FF FF FF FF FF FF FF FF FF FF FF FF FF FF FF FF
FF FF FF FF 10 12 0F FF 11 12 31 12 10 12 10 12
31 12 11 12 EF 11 10 12 FF FF FF FF FF FF FF FF
FF FF FF FF FF FF FF FF FF FF FF FF FF FF FF FF
0A FF FF FF 32 12 10 12 10 12 31 12 10 12 10 12
10 12 10 12 10 12 10 12 10 12 10 12 10 12 10 12
11 12 10 12 31 12 31 12 32 12 31 12 10 0A 31 12
FF FF FF FF FF FF FF FF FF FF FF FF FF FF FF FF
FF FF FF FF FF FF FF FF FF FF FF FF FF FF FF FF
FF FF FF FF FF FF FF FF FF FF FF FF FF FF FF FF
FF FF FF FF FF FF FF FF FF FF FF FF FF FF FF FF
FF FF FF FF FF FF FF FF FF FF FF FF FF FF FF FF
FF FF FF FF FF FF FF FF FF FF FF FF 71 11 FF FF
31 12 10 12 10 12 10 12 10 12 10 12 10 12 10 12
10 12 10 12 10 12 10 12 31 12 10 12 31 12 31 12
FF FF FF FF FF FF FF FF FF FF FF FF FF FF FF FF
FF FF FF FF FF FF FF FF FF FF FF FF FF FF FF FF
FF FF FF FF 10 12 8C 01 11 12 31 12 10 12 10 12
31 12 11 12 EF 11 10 12 FF FF FF FF FF FF FF FF
FF FF FF FF FF FF FF FF FF FF FF FF FF FF FF FF
FF FF FF FF 31 12 F0 09 31 12 52 12 10 12 10 12
10 12 10 12 10 12 10 12 10 12 10 12 11 12 10 12
31 12 31 12 11 12 31 12 31 12 11 12 FF FF 30 12
FF FF FF FF FF FF FF FF FF FF FF FF FF FF FF FF
FF FF FF FF FF FF FF FF FF FF FF FF FF FF FF FF
FF FF FF FF FF FF FF FF FF FF FF FF FF FF FF FF
FF FF FF FF FF FF FF FF FF FF FF FF FF FF FF FF
FF FF FF FF FF FF FF FF FF FF FF FF FF FF FF FF
FF FF FF FF FF FF FF FF FF FF FF FF 10 12 FF FF
31 12 31 12 10 12 10 12 10 12 10 12 10 12 10 12
10 12 10 12 10 12 10 12 31 12 10 12 33 22 10 12
FF FF FF FF FF FF FF FF FF FF FF FF FF FF FF FF
FF FF FF FF FF FF FF FF FF FF FF FF FF FF FF FF
FF FF FF FF 10 12 8C 01 11 12 31 12 10 12 10 12
31 12 11 12 EF 11 10 12 FF FF FF FF FF FF FF FF
FF FF FF FF FF FF FF FF FF FF FF FF FF FF FF FF
FF FF FF FF 10 12 FF FF 31 12 31 12 10 12 31 12
10 12 10 12 10 12 10 12 11 12 10 12 31 12 31 12
11 12 31 12 30 12 10 12 8C 01 EF 11 FF FF FF FF
FF FF FF FF FF FF FF FF FF FF FF FF FF FF FF FF
FF FF FF FF FF FF FF FF FF FF FF FF FF FF FF FF
FF FF FF FF FF FF FF FF FF FF FF FF FF FF FF FF
FF FF FF FF FF FF FF FF FF FF FF FF FF FF FF FF
FF FF FF FF FF FF FF FF FF FF FF FF FF FF FF FF
FF FF FF FF FF FF FF FF FF FF FF FF 30 12 8C 01
11 12 31 12 10 12 10 12 10 12 10 12 10 12 10 12
10 12 10 12 10 12 10 12 11 12 31 12 FF FF F0 11
FF FF FF FF FF FF FF FF FF FF FF FF FF FF FF FF
FF FF FF FF FF FF FF FF FF FF FF FF FF FF FF FF
FF FF FF FF 10 12 8C 01 11 12 31 12 10 12 10 12
31 12 11 12 EF 11 10 12 FF FF FF FF FF FF FF FF
FF FF FF FF FF FF FF FF FF FF FF FF FF FF FF FF
FF FF FF FF FF FF FF FF 11 12 EF 11 31 12 31 12
11 12 11 12 31 12 31 12 31 12 31 12 11 12 11 12
11 12 31 0A FF FF D1 11 FF FF FF FF FF FF FF FF
FF FF FF FF FF FF FF FF FF FF FF FF FF FF FF FF
FF FF FF FF FF FF FF FF FF FF FF FF FF FF FF FF
FF FF FF FF FF FF FF FF FF FF FF FF FF FF FF FF
FF FF FF FF FF FF FF FF FF FF FF FF FF FF FF FF
FF FF FF FF FF FF FF FF FF FF FF FF FF FF FF FF
FF FF FF FF FF FF FF FF FF FF FF FF 10 12 F0 09
10 12 31 12 10 12 10 12 10 12 10 12 10 12 10 12
10 12 10 12 11 12 10 12 11 12 32 12 FF FF EF 01
FF FF FF FF FF FF FF FF FF FF FF FF FF FF FF FF
FF FF FF FF FF FF FF FF FF FF FF FF FF FF FF FF
FF FF FF FF 10 12 8C 01 11 12 31 12 10 12 10 12
31 12 11 12 EF 11 10 12 FF FF FF FF FF FF FF FF
FF FF FF FF FF FF FF FF FF FF FF FF FF FF FF FF
FF FF FF FF FF FF FF FF CF 11 FF FF 31 12 11 12
32 12 52 12 10 12 31 12 31 12 11 12 F1 11 31 12
FF FF AF 02 FF FF FF FF FF FF FF FF FF FF FF FF
FF FF FF FF FF FF FF FF FF FF FF FF FF FF FF FF
FF FF FF FF FF FF FF FF FF FF FF FF FF FF FF FF
FF FF FF FF FF FF FF FF FF FF FF FF FF FF FF FF
FF FF FF FF FF FF FF FF FF FF FF FF FF FF FF FF
FF FF FF FF FF FF FF FF FF FF FF FF FF FF FF FF
FF FF FF FF FF FF FF FF FF FF FF FF 10 12 51 12
10 12 31 12 10 12 10 12 10 12 10 12 10 12 10 12
10 12 10 12 10 12 10 12 11 12 31 12 30 12 31 0A
FF FF FF FF FF FF FF FF FF FF FF FF FF FF FF FF
FF FF FF FF FF FF FF FF FF FF FF FF FF FF FF FF
FF FF FF FF 10 12 8C 01 11 12 31 12 10 12 10 12
31 12 11 12 EF 11 10 12 FF FF FF FF FF FF FF FF
FF FF FF FF FF FF FF FF FF FF FF FF FF FF FF FF
FF FF FF FF FF FF FF FF FF FF FF FF 11 12 30 12
31 12 31 12 10 12 31 12 F1 11 31 0A FF FF FF FF
FF FF FF FF FF FF FF FF FF FF FF FF FF FF FF FF
FF FF FF FF FF FF FF FF FF FF FF FF FF FF FF FF
FF FF FF FF FF FF FF FF FF FF FF FF FF FF FF FF
FF FF FF FF FF FF FF FF FF FF FF FF FF FF FF FF
FF FF FF FF FF FF FF FF FF FF FF FF FF FF FF FF
FF FF FF FF FF FF FF FF FF FF FF FF FF FF FF FF
FF FF FF FF FF FF FF FF FF FF FF FF 31 12 50 12
10 12 31 12 10 12 10 12 10 12 10 12 10 12 10 12
10 12 10 12 11 12 10 12 10 12 31 12 10 12 31 12
FF FF EF 01 FF FF FF FF FF FF FF FF FF FF FF FF
FF FF FF FF FF FF FF FF FF FF FF FF FF FF FF FF
FF FF FF FF 10 12 FF FF 31 12 31 12 10 12 10 12
31 12 11 12 EF 11 10 12 FF FF FF FF FF FF FF FF
FF FF FF FF FF FF FF FF FF FF FF FF FF FF FF FF
FF FF FF FF FF FF FF FF FF FF FF FF 2D 01 FF FF
F0 11 31 0A FF FF B5 02 FF FF FF FF FF FF FF FF
FF FF FF FF FF FF FF FF FF FF FF FF FF FF FF FF
FF FF FF FF FF FF FF FF FF FF FF FF FF FF FF FF
FF FF FF FF FF FF FF FF FF FF FF FF FF FF FF FF
FF FF FF FF FF FF FF FF FF FF FF FF FF FF FF FF
FF FF FF FF FF FF FF FF FF FF FF FF FF FF FF FF
FF FF FF FF FF FF FF FF FF FF FF FF FF FF FF FF
FF FF FF FF FF FF FF FF FF FF FF FF 10 12 10 12
10 12 31 12 10 12 10 12 10 12 10 12 10 12 10 12
10 12 10 12 32 12 32 12 10 12 11 12 10 0A 32 12
FF FF 1F FF FF FF FF FF FF FF FF FF FF FF FF FF
FF FF FF FF FF FF FF FF FF FF FF FF FF FF FF FF
FF FF FF FF 10 12 FF FF 31 12 31 12 10 12 10 12
31 12 11 12 EF 11 10 12 FF FF FF FF FF FF FF FF
FF FF FF FF FF FF FF FF FF FF FF FF FF FF FF FF
FF FF FF FF FF FF FF FF FF FF FF FF FF FF FF FF
FF FF FF FF FF FF FF FF FF FF FF FF FF FF FF FF
FF FF FF FF FF FF FF FF FF FF FF FF FF FF FF FF
FF FF FF FF FF FF FF FF FF FF FF FF FF FF FF FF
FF FF FF FF FF FF FF FF FF FF FF FF FF FF FF FF
FF FF FF FF FF FF FF FF FF FF FF FF FF FF FF FF
FF FF FF FF FF FF FF FF FF FF FF FF FF FF FF FF
FF FF FF FF FF FF FF FF FF FF FF FF FF FF FF FF
FF FF FF FF FF FF FF FF FF FF FF FF 10 12 AF 02
11 12 31 12 10 12 10 12 10 12 10 12 10 12 10 12
11 12 11 12 11 12 31 12 FF FF 10 12 FF FF FF FF
FF FF FF FF FF FF FF FF FF FF FF FF FF FF FF FF
FF FF FF FF FF FF FF FF FF FF FF FF FF FF FF FF
FF FF FF FF 10 12 FF FF 31 12 31 12 10 12 10 12
31 12 11 12 EF 11 10 12 FF FF FF FF FF FF FF FF
FF FF FF FF FF FF FF FF FF FF FF FF FF FF FF FF
FF FF FF FF FF FF FF FF FF FF FF FF FF FF FF FF
FF FF FF FF FF FF FF FF FF FF FF FF FF FF FF FF
FF FF FF FF FF FF FF FF FF FF FF FF FF FF FF FF
FF FF FF FF FF FF FF FF FF FF FF FF FF FF FF FF
FF FF FF FF FF FF FF FF FF FF FF FF FF FF FF FF
FF FF FF FF FF FF FF FF FF FF FF FF FF FF FF FF
FF FF FF FF FF FF FF FF FF FF FF FF FF FF FF FF
FF FF FF FF FF FF FF FF FF FF FF FF FF FF FF FF
FF FF FF FF FF FF FF FF FF FF FF FF 31 12 E7 01
11 12 32 12 10 12 10 12 10 12 10 12 10 12 10 12
11 12 31 12 FF FF 10 12 FF FF FF FF FF FF FF FF
FF FF FF FF FF FF FF FF FF FF FF FF FF FF FF FF
FF FF FF FF FF FF FF FF FF FF FF FF FF FF FF FF
FF FF FF FF 10 12 FF FF 31 12 31 12 10 12 10 12
31 12 11 12 EF 11 10 12 FF FF FF FF FF FF FF FF
FF FF FF FF FF FF FF FF FF FF FF FF FF FF FF FF
FF FF FF FF FF FF FF FF FF FF FF FF FF FF FF FF
FF FF FF FF FF FF FF FF FF FF FF FF FF FF FF FF
FF FF FF FF FF FF FF FF FF FF FF FF FF FF FF FF
FF FF FF FF FF FF FF FF FF FF FF FF FF FF FF FF
FF FF FF FF FF FF FF FF FF FF FF FF FF FF FF FF
FF FF FF FF FF FF FF FF FF FF FF FF FF FF FF FF
FF FF FF FF FF FF FF FF FF FF FF FF FF FF FF FF
FF FF FF FF FF FF FF FF FF FF FF FF FF FF FF FF
FF FF FF FF FF FF FF FF FF FF FF FF 31 12 FF FF
31 12 31 12 10 12 10 12 10 12 10 12 10 12 10 12
11 12 31 12 FF FF 93 01 FF FF FF FF FF FF FF FF
FF FF FF FF FF FF FF FF FF FF FF FF FF FF FF FF
FF FF FF FF FF FF FF FF FF FF FF FF FF FF FF FF
FF FF FF FF 10 12 FF FF 31 12 31 12 10 12 10 12
31 12 11 12 EF 11 10 12 FF FF FF FF FF FF FF FF
FF FF FF FF FF FF FF FF FF FF FF FF FF FF FF FF
FF FF FF FF FF FF FF FF FF FF FF FF FF FF FF FF
FF FF FF FF FF FF FF FF FF FF FF FF FF FF FF FF
FF FF FF FF FF FF FF FF FF FF FF FF FF FF FF FF
FF FF FF FF FF FF FF FF FF FF FF FF FF FF FF FF
FF FF FF FF FF FF FF FF FF FF FF FF FF FF FF FF
FF FF FF FF FF FF FF FF FF FF FF FF FF FF FF FF
FF FF FF FF FF FF FF FF FF FF FF FF FF FF FF FF
FF FF FF FF FF FF FF FF FF FF FF FF FF FF FF FF
FF FF FF FF FF FF FF FF FF FF FF FF FF 78 FF FF
31 12 10 12 10 12 11 12 10 12 10 12 11 12 10 12
31 12 31 12 EF 01 8C 01 FF FF AA 02 FF FF FF FF
FF FF FF FF FF FF FF FF FF FF FF FF FF FF FF FF
FF FF FF FF FF FF FF FF FF FF FF FF FF FF FF FF
FF FF FF FF 10 12 FF FF 31 12 31 12 10 12 10 12
31 12 11 12 EF 11 10 12 FF FF FF FF FF FF FF FF
FF FF FF FF FF FF FF FF FF FF FF FF FF FF FF FF
FF FF FF FF FF FF FF FF FF FF FF FF FF FF FF FF
FF FF FF FF FF FF FF FF FF FF FF FF FF FF FF FF
FF FF FF FF FF FF FF FF FF FF FF FF FF FF FF FF
FF FF FF FF FF FF FF FF FF FF FF FF FF FF FF FF
FF FF FF FF FF FF FF FF FF FF FF FF FF FF FF FF
FF FF FF FF FF FF FF FF FF FF FF FF FF FF FF FF
FF FF FF FF FF FF FF FF FF FF FF FF FF FF FF FF
FF FF FF FF FF FF FF FF FF FF FF FF FF FF FF FF
FF FF FF FF FF FF FF FF FF FF FF FF F0 09 EF 11
31 12 10 12 10 12 11 12 10 12 10 12 11 12 10 12
11 12 31 12 10 12 10 12 11 12 11 12 FF FF F0 11
FF FF FF FF FF FF FF FF FF FF FF FF FF FF FF FF
FF FF FF FF FF FF FF FF FF FF FF FF FF FF FF FF
FF FF FF FF 10 12 FF FF 31 12 31 12 10 12 10 12
31 12 11 12 EF 11 10 12 FF FF FF FF FF FF FF FF
FF FF FF FF FF FF FF FF FF FF FF FF FF FF FF FF
FF FF FF FF FF FF FF FF FF FF FF FF FF FF FF FF
FF FF FF FF FF FF FF FF FF FF FF FF FF FF FF FF
FF FF FF FF FF FF FF FF FF FF FF FF FF FF FF FF
FF FF FF FF FF FF FF FF FF FF FF FF FF FF FF FF
FF FF FF FF FF FF FF FF FF FF FF FF FF FF FF FF
FF FF FF FF FF FF FF FF FF FF FF FF FF FF FF FF
FF FF FF FF FF FF FF FF FF FF FF FF FF FF FF FF
FF FF FF FF FF FF FF FF FF FF FF FF FF FF FF FF
FF FF FF FF FF FF FF FF 11 0A 0F FF 31 12 31 12
11 12 10 12 10 12 10 12 10 12 10 12 10 12 10 12
31 12 10 12 31 12 31 12 11 12 31 12 F1 11 11 12
EF 09 EF 19 FF FF 31 12 FF FF FF FF FF FF FF FF
FF FF FF FF FF FF FF FF FF FF FF FF FF FF FF FF
FF FF FF FF 11 12 FF FF 31 12 31 12 10 12 10 12
52 12 11 12 4D 22 11 12 FF FF FF FF FF FF FF FF
FF FF FF FF FF FF FF FF FF FF FF FF FF FF FF FF
FF FF FF FF FF FF FF FF FF FF FF FF FF FF FF FF
FF FF FF FF FF FF FF FF FF FF FF FF FF FF FF FF
FF FF FF FF FF FF FF FF FF FF FF FF FF FF FF FF
FF FF FF FF FF FF FF FF FF FF FF FF FF FF FF FF
FF FF FF FF FF FF FF FF FF FF FF FF FF FF FF FF
FF FF FF FF FF FF FF FF FF FF FF FF FF FF FF FF
FF FF FF FF FF FF FF FF FF FF FF FF FF FF FF FF
FF FF FF FF FF FF FF FF FF FF FF FF FF FF FF FF
FF FF FF FF FF FF FF FF 11 12 EF 19 32 12 52 12
10 12 10 12 10 12 10 12 10 12 10 12 10 12 10 12
11 12 10 12 11 12 11 12 31 12 11 12 11 12 31 12
31 12 10 12 ED 01 10 12 FF FF FF FF FF FF FF FF
FF FF FF FF FF FF FF FF FF FF FF FF FF FF FF FF
FF FF FF FF 31 12 FF FF 31 12 52 12 10 12 10 12
52 12 11 12 EF 19 11 12 1F FF 2E 12 FF FF FF FF
FF FF FF FF FF FF FF FF FF FF FF FF FF FF FF FF
FF FF FF FF FF FF FF FF FF FF FF FF FF FF FF FF
FF FF FF FF FF FF FF FF FF FF FF FF FF FF FF FF
FF FF FF FF FF FF FF FF FF FF FF FF FF FF FF FF
FF FF FF FF FF FF FF FF FF FF FF FF FF FF FF FF
FF FF FF FF FF FF FF FF FF FF FF FF FF FF FF FF
FF FF FF FF FF FF FF FF FF FF FF FF FF FF FF FF
FF FF FF FF FF FF FF FF FF FF FF FF FF FF FF FF
FF FF FF FF FF FF FF FF FF FF FF FF FF FF FF FF
FF FF FF FF FF FF FF FF 11 12 4D 02 31 12 32 12
10 12 10 12 10 12 10 12 10 12 10 12 10 12 10 12
10 12 10 12 10 12 10 12 10 12 10 12 31 12 11 12
52 12 31 12 0F 0A 10 12 FF FF FF FF FF FF FF FF
FF FF FF FF FF FF FF FF FF FF FF FF FF FF FF FF
52 22 0A FF 52 12 FF FF 10 12 11 12 31 12 31 12
31 12 11 12 10 12 31 12 31 12 31 12 FF FF FF FF
FF FF FF FF FF FF FF FF FF FF FF FF FF FF FF FF
FF FF FF FF FF FF FF FF FF FF FF FF FF FF FF FF
FF FF FF FF FF FF FF FF FF FF FF FF FF FF FF FF
FF FF FF FF FF FF FF FF FF FF FF FF FF FF FF FF
FF FF FF FF FF FF FF FF FF FF FF FF FF FF FF FF
FF FF FF FF FF FF FF FF FF FF FF FF FF FF FF FF
FF FF FF FF FF FF FF FF FF FF FF FF FF FF FF FF
FF FF FF FF FF FF FF FF FF FF FF FF FF FF FF FF
FF FF FF FF FF FF FF FF FF FF FF FF FF FF FF FF
FF FF FF FF FF FF FF FF 11 12 4F 01 11 12 31 12
10 12 10 12 10 12 10 12 10 12 10 12 10 12 10 12
11 12 11 12 10 12 10 12 10 12 10 12 31 12 10 12
52 12 32 12 11 12 31 12 FF FF FF FF FF FF FF FF
FF FF FF FF FF FF FF FF FF FF FF FF FF FF FF FF
10 12 F0 11 FF FF 2E 12 10 12 6F 09 31 12 31 12
D1 09 10 12 10 12 4F 0A 31 12 52 12 FF FF FF FF
FF FF FF FF FF FF FF FF FF FF FF FF FF FF FF FF
FF FF FF FF FF FF FF FF FF FF FF FF FF FF FF FF
FF FF FF FF FF FF FF FF FF FF FF FF FF FF FF FF
FF FF FF FF FF FF FF FF FF FF FF FF FF FF FF FF
FF FF FF FF FF FF FF FF FF FF FF FF FF FF FF FF
FF FF FF FF FF FF FF FF FF FF FF FF FF FF FF FF
FF FF FF FF FF FF FF FF FF FF FF FF FF FF FF FF
FF FF FF FF FF FF FF FF FF FF FF FF FF FF FF FF
FF FF FF FF FF FF FF FF FF FF FF FF FF FF FF FF
FF FF FF FF FF FF FF FF 10 12 51 12 10 12 31 12
11 12 10 12 31 12 31 12 31 12 31 12 32 12 31 12
32 12 32 12 31 12 32 12 31 12 11 12 31 12 32 12
11 12 10 12 10 12 11 12 FF FF FF FF FF FF FF FF
FF FF FF FF FF FF FF FF FF FF FF FF FF FF FF FF
10 12 EF 09 FF FF 31 12 10 12 93 31 32 12 31 12
FF FF 10 12 10 12 2F 0A 11 12 31 12 FF FF FF FF
FF FF FF FF FF FF FF FF FF FF FF FF FF FF FF FF
FF FF FF FF FF FF FF FF FF FF FF FF FF FF FF FF
FF FF FF FF FF FF FF FF FF FF FF FF FF FF FF FF
FF FF FF FF FF FF FF FF FF FF FF FF FF FF FF FF
FF FF FF FF FF FF FF FF FF FF FF FF FF FF FF FF
FF FF FF FF FF FF FF FF FF FF FF FF FF FF FF FF
FF FF FF FF FF FF FF FF FF FF FF FF FF FF FF FF
FF FF FF FF FF FF FF FF FF FF FF FF FF FF FF FF
FF FF FF FF FF FF FF FF FF FF FF FF FF FF FF FF
FF FF FF FF FF FF FF FF 10 12 31 12 31 12 52 12
31 12 52 12 10 12 10 12 11 12 10 12 31 12 11 12
31 12 11 12 11 12 31 12 31 12 11 12 31 12 31 12
11 12 10 12 EF 11 10 12 FF FF FF FF FF FF FF FF
FF FF FF FF FF FF FF FF FF FF FF FF FF FF FF FF
10 12 F0 09 FF FF 31 12 10 12 8F 19 31 12 31 12
EF 19 10 12 10 12 EF 09 11 12 31 12 FF FF FF FF
FF FF FF FF FF FF FF FF FF FF FF FF FF FF FF FF
FF FF FF FF FF FF FF FF FF FF FF FF FF FF FF FF
FF FF FF FF FF FF FF FF FF FF FF FF FF FF FF FF
FF FF FF FF FF FF FF FF FF FF FF FF FF FF FF FF
FF FF FF FF FF FF FF FF FF FF FF FF FF FF FF FF
FF FF FF FF FF FF FF FF FF FF FF FF FF FF FF FF
FF FF FF FF FF FF FF FF FF FF FF FF FF FF FF FF
FF FF FF FF FF FF FF FF FF FF FF FF FF FF FF FF
FF FF FF FF FF FF FF FF FF FF FF FF FF FF FF FF
FF FF FF FF FF FF FF FF 11 12 93 31 31 12 31 12
10 12 31 12 10 12 10 0A F0 11 F0 09 0F 0A 0F 12
EF 09 EF 09 30 12 0F 0A 10 12 31 12 EF 01 10 12
FF FF FF FF FF FF FF FF FF FF FF FF FF FF FF FF
FF FF FF FF FF FF FF FF FF FF FF FF FF FF FF FF
10 12 F0 09 FF FF 31 12 10 12 8F 19 31 12 31 12
EF 19 10 12 10 12 10 0A 11 12 31 12 FF FF FF FF
FF FF FF FF FF FF FF FF FF FF FF FF FF FF FF FF
FF FF FF FF FF FF FF FF FF FF FF FF FF FF FF FF
FF FF FF FF FF FF FF FF FF FF FF FF FF FF FF FF
FF FF FF FF FF FF FF FF FF FF FF FF FF FF FF FF
FF FF FF FF FF FF FF FF FF FF FF FF FF FF FF FF
FF FF FF FF FF FF FF FF FF FF FF FF FF FF FF FF
FF FF FF FF FF FF FF FF FF FF FF FF FF FF FF FF
FF FF FF FF FF FF FF FF FF FF FF FF FF FF FF FF
FF FF FF FF FF FF FF FF FF FF FF FF FF FF FF FF
FF FF FF FF FF FF FF FF FF FF FF FF 31 12 10 12
8C 01 10 12 FF FF FF FF FF FF FF FF FF FF FF FF
FF FF FF FF FF FF FF FF FF FF FF FF FF FF FF FF
FF FF FF FF FF FF FF FF FF FF FF FF FF FF FF FF
FF FF FF FF FF FF FF FF FF FF FF FF FF FF FF FF
10 12 D0 11 FF FF 52 12 10 12 8F 19 31 12 31 12
EF 19 10 12 10 12 10 0A 11 12 31 12 FF FF FF FF
FF FF FF FF FF FF FF FF FF FF FF FF FF FF FF FF
FF FF FF FF FF FF FF FF FF FF FF FF FF FF FF FF
FF FF FF FF FF FF FF FF FF FF FF FF FF FF FF FF
FF FF FF FF FF FF FF FF FF FF FF FF FF FF FF FF
FF FF FF FF FF FF FF FF FF FF FF FF FF FF FF FF
FF FF FF FF FF FF FF FF FF FF FF FF FF FF FF FF
FF FF FF FF FF FF FF FF FF FF FF FF FF FF FF FF
FF FF FF FF FF FF FF FF FF FF FF FF FF FF FF FF
FF FF FF FF FF FF FF FF FF FF FF FF FF FF FF FF
FF FF FF FF FF FF FF FF FF FF FF FF FF FF FF FF
FF FF FF FF FF FF FF FF FF FF FF FF FF FF FF FF
FF FF FF FF FF FF FF FF FF FF FF FF FF FF FF FF
FF FF FF FF FF FF FF FF FF FF FF FF FF FF FF FF
FF FF FF FF FF FF FF FF FF FF FF FF FF FF FF FF
10 12 F1 09 FF FF 52 12 10 12 8F 19 31 12 31 12
EF 19 10 12 10 12 10 0A 11 12 31 12 FF FF FF FF
FF FF FF FF FF FF FF FF FF FF FF FF FF FF FF FF
FF FF FF FF FF FF FF FF FF FF FF FF FF FF FF FF
FF FF FF FF FF FF FF FF FF FF FF FF FF FF FF FF
FF FF FF FF FF FF FF FF FF FF FF FF FF FF FF FF
FF FF FF FF FF FF FF FF FF FF FF FF FF FF FF FF
FF FF FF FF FF FF FF FF FF FF FF FF FF FF FF FF
FF FF FF FF FF FF FF FF FF FF FF FF FF FF FF FF
FF FF FF FF FF FF FF FF FF FF FF FF FF FF FF FF
FF FF FF FF FF FF FF FF FF FF FF FF 31 12 10 0A
FF FF 10 0A FF FF FF FF FF FF FF FF FF FF FF FF
FF FF FF FF FF FF FF FF FF FF FF FF FF FF FF FF
FF FF 0A FF FF FF FF FF FF FF FF FF FF FF FF FF
FF FF FF FF FF FF FF FF FF FF FF FF FF FF FF FF
FF FF FF FF FF FF FF FF FF FF FF FF FF FF FF FF
10 12 F0 11 FF FF EF 09 10 12 8F 19 31 12 31 12
EF 19 10 12 10 12 10 0A 11 12 31 12 FF FF FF FF
FF FF FF FF FF FF FF FF FF FF FF FF FF FF FF FF
FF FF FF FF FF FF FF FF FF FF FF FF FF FF FF FF
FF FF FF FF FF FF FF FF FF FF FF FF FF FF FF FF
FF FF FF FF FF FF FF FF FF FF FF FF FF FF FF FF
FF FF FF FF FF FF FF FF FF FF FF FF FF FF FF FF
FF FF FF FF FF FF FF FF FF FF FF FF FF FF FF FF
FF FF FF FF FF FF FF FF FF FF FF FF FF FF FF FF
FF FF FF FF FF FF FF FF FF FF FF FF FF FF FF FF
FF FF FF FF FF FF FF FF 8E 01 FF FF 52 12 10 12
EF 09 31 12 FF FF FF FF FF FF FF FF FF FF FF FF
FF FF FF FF FF FF FF FF FF FF FF FF 10 0A FF FF
F0 09 10 12 FF FF FF FF FF FF FF FF FF FF FF FF
FF FF FF FF FF FF FF FF FF FF FF FF FF FF FF FF
FF FF FF FF FF FF FF FF FF FF FF FF FF FF FF FF
10 12 F0 11 FF FF F0 09 10 12 8F 19 31 12 31 12
EF 19 10 12 10 12 10 0A 11 12 31 12 FF FF FF FF
FF FF FF FF FF FF FF FF FF FF FF FF FF FF FF FF
FF FF FF FF FF FF FF FF FF FF FF FF FF FF FF FF
FF FF FF FF FF FF FF FF FF FF FF FF FF FF FF FF
FF FF FF FF FF FF FF FF FF FF FF FF FF FF FF FF
FF FF FF FF FF FF FF FF FF FF FF FF FF FF FF FF
FF FF FF FF FF FF FF FF FF FF FF FF FF FF FF FF
FF FF FF FF FF FF FF FF FF FF FF FF FF FF FF FF
FF FF FF FF FF FF FF FF FF FF FF FF FF FF FF FF
FF FF FF FF FF FF FF FF 10 12 FF FF 52 12 11 12
31 12 52 12 FF FF CF 09 FF FF FF FF FF FF FF FF
FF FF FF FF FF FF FF FF FF FF FF FF 10 12 FF FF
31 12 32 12 FF FF FF FF FF FF FF FF FF FF FF FF
FF FF FF FF FF FF FF FF FF FF FF FF FF FF FF FF
FF FF FF FF FF FF FF FF FF FF FF FF FF FF FF FF
10 12 10 12 FF FF F0 09 10 12 8F 19 31 12 31 12
EF 19 10 12 10 12 10 0A 11 12 31 12 FF FF FF FF
FF FF FF FF FF FF FF FF FF FF FF FF FF FF FF FF
FF FF FF FF FF FF FF FF FF FF FF FF FF FF FF FF
FF FF FF FF FF FF FF FF FF FF FF FF FF FF FF FF
FF FF FF FF FF FF FF FF FF FF FF FF FF FF FF FF
FF FF FF FF FF FF FF FF FF FF FF FF FF FF FF FF
FF FF FF FF FF FF FF FF FF FF FF FF FF FF FF FF
FF FF FF FF FF FF FF FF FF FF FF FF FF FF FF FF
FF FF FF FF FF FF FF FF FF FF FF FF FF FF FF FF
FF FF FF FF FF FF FF FF 10 12 FF FF 31 12 31 12
31 12 31 12 AF 02 10 12 FF FF FF FF FF FF FF FF
FF FF FF FF FF FF FF FF FF FF FF FF 11 12 10 0A
11 12 52 12 FF FF FF FF FF FF FF FF FF FF FF FF
FF FF FF FF FF FF FF FF FF FF FF FF FF FF FF FF
FF FF FF FF FF FF FF FF FF FF FF FF FF FF FF FF
10 12 10 12 FF FF F0 09 10 12 8F 19 31 12 31 12
EF 19 10 12 10 12 10 0A 11 12 31 12 FF FF FF FF
FF FF FF FF FF FF FF FF FF FF FF FF FF FF FF FF
FF FF FF FF FF FF FF FF FF FF FF FF FF FF FF FF
FF FF FF FF FF FF FF FF FF FF FF FF FF FF FF FF
FF FF FF FF FF FF FF FF FF FF FF FF FF FF FF FF
FF FF FF FF FF FF FF FF FF FF FF FF FF FF FF FF
FF FF FF FF FF FF FF FF FF FF FF FF FF FF FF FF
FF FF FF FF FF FF FF FF FF FF FF FF FF FF FF FF
FF FF FF FF FF FF FF FF FF FF FF FF FF FF FF FF
FF FF FF FF FF FF FF FF 10 12 CE 19 11 12 31 12
31 12 10 12 10 12 31 12 FF FF FF FF FF FF FF FF
FF FF FF FF FF FF FF FF 0F FF FF FF 31 12 10 12
10 12 32 12 FF FF 4D 22 FF FF FF FF FF FF FF FF
FF FF FF FF FF FF FF FF FF FF FF FF FF FF FF FF
FF FF FF FF FF FF FF FF FF FF FF FF FF FF FF FF
10 12 10 12 FF FF F0 09 10 12 8F 19 31 12 31 12
EF 19 10 12 10 12 10 0A 11 12 31 12 FF FF FF FF
FF FF FF FF FF FF FF FF FF FF FF FF FF FF FF FF
FF FF FF FF FF FF FF FF FF FF FF FF FF FF FF FF
FF FF FF FF FF FF FF FF FF FF FF FF FF FF FF FF
FF FF FF FF FF FF FF FF FF FF FF FF FF FF FF FF
FF FF FF FF FF FF FF FF FF FF FF FF FF FF FF FF
FF FF FF FF FF FF FF FF FF FF FF FF FF FF FF FF
FF FF FF FF FF FF FF FF FF FF FF FF FF FF FF FF
FF FF FF FF FF FF FF FF FF FF FF FF FF FF FF FF
FF FF FF FF FF FF FF FF 10 12 F1 09 10 12 31 12
11 12 10 12 10 12 32 12 FF FF D1 19 FF FF FF FF
FF FF FF FF FF FF FF FF F0 11 FF FF 31 12 31 12
11 12 31 12 4F 01 11 12 0F FF EF 01 4F 01 EF 01
EF 01 4D 02 FF FF FF FF FF FF FF FF FF FF FF FF
FF FF FF FF FF FF FF FF FF FF FF FF FF FF FF FF
10 12 10 12 FF FF F0 09 10 12 8F 19 31 12 31 12
EF 19 10 12 10 12 10 0A 11 12 31 12 FF FF FF FF
FF FF FF FF FF FF FF FF FF FF FF FF FF FF FF FF
FF FF FF FF FF FF FF FF FF FF FF FF FF FF FF FF
FF FF FF FF FF FF FF FF FF FF FF FF FF FF FF FF
FF FF FF FF FF FF FF FF FF FF FF FF FF FF FF FF
FF FF FF FF FF FF FF FF FF FF FF FF FF FF FF FF
FF FF FF FF FF FF FF FF FF FF FF FF FF FF FF FF
FF FF FF FF FF FF FF FF FF FF FF FF FF FF FF FF
FF FF FF FF FF FF FF FF FF FF FF FF FF FF FF FF
FF FF FF FF FF FF FF FF 10 12 F1 09 10 12 31 12
10 12 10 12 10 12 31 12 FF FF F1 11 FF FF FF FF
FF FF FF FF FF FF FF FF 11 12 F1 11 10 12 31 12
31 12 10 12 10 12 11 12 10 12 10 12 11 12 11 12
31 12 10 12 E0 03 11 0A FF FF FF FF FF FF FF FF
FF FF FF FF FF FF FF FF FF FF FF FF FF FF FF FF
10 12 10 12 FF FF F0 09 10 12 8F 19 31 12 31 12
EF 19 10 12 10 12 10 0A 11 12 31 12 FF FF FF FF
FF FF FF FF FF FF FF FF FF FF FF FF FF FF FF FF
FF FF FF FF FF FF FF FF FF FF FF FF FF FF FF FF
FF FF FF FF FF FF FF FF FF FF FF FF FF FF FF FF
FF FF FF FF FF FF FF FF FF FF FF FF FF FF FF FF
FF FF FF FF FF FF FF FF FF FF FF FF FF FF FF FF
FF FF FF FF FF FF FF FF FF FF FF FF FF FF FF FF
FF FF FF FF FF FF FF FF FF FF FF FF FF FF FF FF
FF FF FF FF FF FF FF FF FF FF FF FF FF FF FF FF
FF FF FF FF FF FF FF FF 10 12 F0 09 10 12 31 12
10 12 10 12 31 12 11 12 FF FF 10 12 FF FF FF FF
FF FF FF FF 11 12 52 12 31 12 11 12 10 12 31 12
10 12 10 12 31 12 31 12 31 12 32 12 31 12 32 12
52 12 31 12 10 12 31 12 FF FF 0C FF FF FF FF FF
FF FF FF FF FF FF FF FF FF FF FF FF FF FF FF FF
10 12 F0 11 FF FF F0 11 10 12 8F 19 31 12 31 12
EF 19 10 12 10 12 10 0A 11 12 31 12 FF FF FF FF
FF FF FF FF FF FF FF FF FF FF FF FF FF FF FF FF
FF FF FF FF FF FF FF FF FF FF FF FF FF FF FF FF
FF FF FF FF FF FF FF FF FF FF FF FF FF FF FF FF
FF FF FF FF FF FF FF FF FF FF FF FF FF FF FF FF
FF FF FF FF FF FF FF FF FF FF FF FF FF FF FF FF
FF FF FF FF FF FF FF FF FF FF FF FF FF FF FF FF
FF FF FF FF FF FF FF FF FF FF FF FF FF FF FF FF
FF FF FF FF FF FF FF FF FF FF FF FF FF FF FF FF
FF FF FF FF FF FF FF FF 10 12 D1 11 11 12 31 12
10 12 10 12 31 12 11 12 F0 11 11 12 11 12 2F 12
10 12 F0 11 32 12 10 12 31 12 31 12 10 12 10 12
10 12 10 12 31 12 11 12 31 12 31 12 31 12 31 12
31 12 31 12 32 12 52 12 FF FF F1 11 FF FF FF FF
FF FF FF FF FF FF FF FF FF FF FF FF FF FF FF FF
10 12 10 12 FF FF 10 0A 10 12 8F 19 31 12 31 12
EF 19 10 12 10 12 10 0A 11 12 31 12 FF FF FF FF
FF FF FF FF FF FF FF FF FF FF FF FF FF FF FF FF
FF FF FF FF FF FF FF FF FF FF FF FF FF FF FF FF
FF FF FF FF FF FF FF FF FF FF FF FF FF FF FF FF
FF FF FF FF FF FF FF FF FF FF FF FF FF FF FF FF
FF FF FF FF FF FF FF FF FF FF FF FF FF FF FF FF
FF FF FF FF FF FF FF FF FF FF FF FF FF FF FF FF
FF FF FF FF FF FF FF FF FF FF FF FF FF FF FF FF
FF FF FF FF FF FF FF FF FF FF FF FF FF FF FF FF
FF FF FF FF FF FF FF FF 10 12 8C 31 11 12 31 12
10 12 10 12 10 12 10 12 11 12 11 12 32 12 10 12
31 12 31 12 32 12 31 12 10 12 31 12 10 12 10 12
10 12 10 12 10 12 10 12 10 12 10 12 10 12 10 12
31 12 10 12 31 12 52 12 FF FF 11 12 FF FF FF FF
FF FF FF FF FF FF FF FF FF FF FF FF FF FF FF FF
10 12 F0 11 FF FF 10 0A 10 12 8F 19 31 12 31 12
EF 19 10 12 10 12 10 0A 11 12 31 12 FF FF FF FF
FF FF FF FF FF FF FF FF FF FF FF FF FF FF FF FF
FF FF FF FF FF FF FF FF FF FF FF FF FF FF FF FF
FF FF FF FF FF FF FF FF FF FF FF FF FF FF FF FF
FF FF FF FF FF FF FF FF FF FF FF FF FF FF FF FF
FF FF FF FF FF FF FF FF FF FF FF FF FF FF FF FF
FF FF FF FF FF FF FF FF FF FF FF FF FF FF FF FF
FF FF FF FF FF FF FF FF FF FF FF FF FF FF FF FF
FF FF FF FF FF FF FF FF FF FF FF FF FF FF FF FF
FF FF FF FF FF FF FF FF 10 12 F0 09 10 12 31 12
10 12 10 12 10 12 10 12 32 12 31 12 52 12 52 12
31 12 32 12 10 12 11 12 10 12 10 12 10 12 10 12
10 12 10 12 10 12 10 12 10 12 10 12 32 12 11 12
31 12 52 12 F0 11 31 12 FF FF 0A FF FF FF FF FF
FF FF FF FF FF FF FF FF FF FF FF FF FF FF FF FF
10 12 F0 11 FF FF 10 0A 10 12 8F 19 31 12 31 12
EF 19 10 12 10 12 10 0A 11 12 31 12 FF FF FF FF
FF FF FF FF FF FF FF FF FF FF FF FF FF FF FF FF
FF FF FF FF FF FF FF FF FF FF FF FF FF FF FF FF
FF FF FF FF FF FF FF FF FF FF FF FF FF FF FF FF
FF FF FF FF FF FF FF FF FF FF FF FF FF FF FF FF
FF FF FF FF FF FF FF FF FF FF FF FF FF FF FF FF
FF FF FF FF FF FF FF FF FF FF FF FF FF FF FF FF
FF FF FF FF FF FF FF FF FF FF FF FF FF FF FF FF
FF FF FF FF FF FF FF FF FF FF FF FF FF FF FF FF
CF 11 FF FF 11 12 11 12 11 12 31 12 10 12 10 12
10 12 10 12 10 12 10 12 10 12 10 12 10 12 10 12
10 12 10 12 10 12 10 12 10 12 10 12 10 12 10 12
32 12 31 12 52 12 52 12 52 12 32 12 31 12 31 12
10 12 31 12 FF FF EF 11 FF FF FF FF FF FF FF FF
FF FF FF FF FF FF FF FF FF FF FF FF FF FF FF FF
10 12 F0 11 FF FF 10 0A 10 12 8F 19 31 12 31 12
EF 19 10 12 10 12 10 0A 11 12 31 12 FF FF FF FF
FF FF FF FF FF FF FF FF FF FF FF FF FF FF FF FF
FF FF FF FF FF FF FF FF FF FF FF FF FF FF FF FF
FF FF FF FF FF FF FF FF FF FF FF FF FF FF FF FF
FF FF FF FF FF FF FF FF FF FF FF FF FF FF FF FF
FF FF FF FF FF FF FF FF FF FF FF FF FF FF FF FF
FF FF FF FF FF FF FF FF FF FF FF FF FF FF FF FF
FF FF FF FF FF FF FF FF FF FF FF FF FF FF FF FF
FF FF FF FF FF FF FF FF FF FF FF FF 10 12 0F 0A
31 12 30 12 31 12 31 12 11 12 52 12 10 12 10 12
10 12 10 12 10 12 10 12 10 12 10 12 10 12 10 12
10 12 10 12 10 12 10 12 11 12 10 12 32 12 31 12
31 12 31 12 31 12 31 12 11 12 11 12 11 12 11 12
FF FF 31 0A FF FF FF FF FF FF FF FF FF FF FF FF
FF FF FF FF FF FF FF FF FF FF FF FF FF FF FF FF
10 12 F0 11 FF FF 10 0A 10 12 8F 19 31 12 31 12
EF 19 10 12 10 12 10 0A 11 12 31 12 FF FF FF FF
FF FF FF FF FF FF FF FF FF FF FF FF FF FF FF FF
FF FF FF FF FF FF FF FF FF FF FF FF FF FF FF FF
FF FF FF FF FF FF FF FF FF FF FF FF FF FF FF FF
FF FF FF FF FF FF FF FF FF FF FF FF FF FF FF FF
FF FF FF FF FF FF FF FF FF FF FF FF FF FF FF FF
FF FF FF FF FF FF FF FF FF FF FF FF FF FF FF FF
FF FF FF FF FF FF FF FF FF FF FF FF FF FF FF FF
FF FF FF FF FF FF FF FF 31 12 EF 11 31 12 31 12
52 12 31 12 11 12 31 12 10 12 10 12 10 12 10 12
10 12 10 12 10 12 10 12 10 12 10 12 10 12 10 12
10 12 10 12 10 12 10 12 31 12 11 12 31 12 31 12
10 12 10 12 30 12 11 12 52 0A 31 0A FF FF AF 2A
FF FF FF FF FF FF FF FF FF FF FF FF FF FF FF FF
FF FF FF FF FF FF FF FF FF FF FF FF FF FF FF FF
10 12 F0 11 FF FF 10 0A 10 12 8F 19 31 12 31 12
EF 19 10 12 10 12 10 0A 11 12 31 12 FF FF FF FF
FF FF FF FF FF FF FF FF FF FF FF FF FF FF FF FF
FF FF FF FF FF FF FF FF FF FF FF FF FF FF FF FF
FF FF FF FF FF FF FF FF FF FF FF FF FF FF FF FF
FF FF FF FF FF FF FF FF FF FF FF FF FF FF FF FF
FF FF FF FF FF FF FF FF FF FF FF FF FF FF FF FF
FF FF FF FF FF FF FF FF FF FF FF FF FF FF FF FF
FF FF FF FF FF FF FF FF FF FF FF FF FF FF FF FF
FF FF FF FF 10 12 EF 11 31 12 31 12 31 12 31 12
10 12 11 12 10 12 10 12 10 12 10 12 10 12 10 12
10 12 10 12 10 12 10 12 10 12 10 12 10 12 10 12
10 12 10 12 31 12 10 12 11 12 31 12 30 12 10 12
FF FF FF FF FF FF FF FF FF FF FF FF FF FF FF FF
FF FF FF FF FF FF FF FF FF FF FF FF FF FF FF FF
FF FF FF FF FF FF FF FF FF FF FF FF FF FF FF FF
10 12 F0 11 FF FF 10 0A 10 12 8F 19 31 12 31 12
EF 19 10 12 10 12 10 0A 11 12 31 12 FF FF FF FF
FF FF FF FF FF FF FF FF FF FF FF FF FF FF FF FF
FF FF FF FF FF FF FF FF FF FF FF FF FF FF FF FF
FF FF FF FF FF FF FF FF FF FF FF FF FF FF FF FF
FF FF FF FF FF FF FF FF FF FF FF FF FF FF FF FF
FF FF FF FF FF FF FF FF FF FF FF FF FF FF FF FF
F0 09 AF 11 2F 0A F0 09 FF FF 31 12 FF FF FF FF
FF FF FF FF FF FF FF FF FF FF FF FF FF FF FF FF
FF FF FF FF 11 12 10 12 31 12 53 12 10 12 11 12
10 12 10 12 10 12 10 12 10 12 10 12 10 12 10 12
10 12 10 12 10 12 10 12 31 12 11 12 10 12 31 12
10 12 10 12 32 12 31 12 10 12 11 12 FF FF FF FF
FF FF FF FF FF FF FF FF FF FF FF FF FF FF FF FF
FF FF FF FF FF FF FF FF FF FF FF FF FF FF FF FF
FF FF FF FF FF FF FF FF FF FF FF FF FF FF FF FF
10 12 F0 11 FF FF 10 0A 10 12 8F 19 31 12 31 12
EF 19 10 12 10 12 10 0A 11 12 31 12 FF FF FF FF
FF FF FF FF FF FF FF FF FF FF FF FF FF FF FF FF
FF FF FF FF FF FF FF FF FF FF FF FF FF FF FF FF
FF FF FF FF FF FF FF FF FF FF FF FF FF FF FF FF
FF FF FF FF FF FF FF FF FF FF FF FF FF FF FF FF
FF FF FF FF FF FF FF FF F2 11 8C 01 31 12 F0 09
11 12 31 12 31 12 10 12 10 12 31 12 FF FF 2D 01
FF FF FF FF FF FF FF FF FF FF FF FF FF FF FF FF
FF FF FF FF 11 12 AF 01 31 12 31 12 11 12 31 12
10 12 10 12 10 12 10 12 11 12 11 12 10 12 10 12
10 12 10 12 11 12 10 12 31 12 31 12 10 12 31 12
31 12 10 12 31 12 32 12 FF FF 10 12 FF FF FF FF
FF FF FF FF FF FF FF FF FF FF FF FF FF FF FF FF
FF FF FF FF FF FF FF FF FF FF FF FF FF FF FF FF
FF FF FF FF FF FF FF FF FF FF FF FF FF FF FF FF
10 12 F0 11 FF FF 10 0A 10 12 8F 19 31 12 31 12
EF 19 10 12 10 12 10 0A 11 12 31 12 FF FF FF FF
FF FF FF FF FF FF FF FF FF FF FF FF FF FF FF FF
FF FF FF FF FF FF FF FF FF FF FF FF FF FF FF FF
FF FF FF FF FF FF FF FF FF FF FF FF FF FF FF FF
FF FF FF FF FF FF FF FF 0F FF FF FF B5 02 B5 02
4D 02 EF 01 F1 11 0F 12 11 12 11 12 31 12 30 12
31 12 32 12 31 12 31 12 31 12 52 12 CE 01 10 12
FF FF FF FF FF FF FF FF FF FF FF FF FF FF FF FF
FF FF FF FF AF 11 FF FF 31 12 31 12 32 12 31 12
31 12 31 12 31 12 31 12 31 12 31 12 10 12 31 12
10 12 10 12 32 12 31 12 11 12 10 12 10 12 11 12
31 12 32 12 10 0A 31 12 FF FF AA 02 FF FF FF FF
FF FF FF FF FF FF FF FF FF FF FF FF FF FF FF FF
FF FF FF FF FF FF FF FF FF FF FF FF FF FF FF FF
FF FF FF FF FF FF FF FF FF FF FF FF FF FF FF FF
10 12 F0 11 FF FF 10 0A 10 12 8F 19 31 12 31 12
EF 19 10 12 10 12 10 0A 11 12 31 12 FF FF FF FF
FF FF FF FF FF FF FF FF FF FF FF FF FF FF FF FF
FF FF FF FF FF FF FF FF FF FF FF FF FF FF FF FF
FF FF FF FF FF FF FF FF FF FF FF FF FF FF FF FF
FF FF FF FF 11 12 FF FF 10 12 31 12 10 0A 31 12
10 12 10 12 11 12 10 12 31 12 31 12 31 12 31 12
31 12 31 12 31 12 31 12 31 12 31 12 11 12 31 12
FF FF 11 12 FF FF FF FF FF FF FF FF FF FF FF FF
FF FF FF FF FF FF FF FF 10 12 EF 01 31 12 31 12
10 12 11 12 10 12 10 12 10 12 10 12 31 12 11 12
32 12 31 12 31 12 31 12 31 12 10 0A 11 12 F0 09
11 12 32 12 FF FF F1 09 FF FF FF FF FF FF FF FF
FF FF FF FF FF FF FF FF FF FF FF FF FF FF FF FF
FF FF FF FF FF FF FF FF FF FF FF FF FF FF FF FF
FF FF FF FF FF FF FF FF FF FF FF FF FF FF FF FF
10 12 F0 11 FF FF 10 0A 10 12 8F 19 31 12 31 12
EF 01 10 12 10 12 10 0A 11 12 31 12 FF FF FF FF
FF FF FF FF FF FF FF FF FF FF FF FF FF FF FF FF
0F 0A AA 02 FF FF F1 12 FF FF FF FF FF FF FF FF
FF FF FF FF FF FF FF FF FF FF FF FF 54 12 FF FF
10 12 30 12 11 12 10 12 31 12 52 12 31 12 31 12
31 12 31 12 31 12 31 12 31 12 31 12 10 12 11 12
10 12 10 12 10 12 10 12 11 12 10 12 52 12 31 12
0A FF 11 12 FF FF FF FF FF FF FF FF FF FF FF FF
FF FF FF FF FF FF FF FF FF FF FF FF 31 0A 4F 01
30 12 F1 09 10 12 31 12 10 12 10 12 11 12 10 12
31 12 31 12 D0 09 31 12 B5 02 FF FF 32 12 10 12
10 0A 11 12 FF FF FF FF FF FF FF FF FF FF FF FF
FF FF FF FF FF FF FF FF FF FF FF FF FF FF FF FF
FF FF FF FF FF FF FF FF FF FF FF FF FF FF FF FF
FF FF FF FF FF FF FF FF FF FF FF FF FF FF FF FF
10 12 F0 11 FF FF 10 0A 10 12 8F 19 31 12 31 12
52 02 10 12 10 12 10 0A 11 12 31 12 FF FF FF FF
FF FF FF FF FF FF FF FF FF FF FF FF EF 03 FF FF
32 12 11 12 10 12 31 12 10 0A 10 12 F0 11 F0 11
F0 09 11 12 10 12 4F 12 10 12 10 12 10 12 10 12
31 12 31 12 31 12 31 12 31 12 32 12 31 12 31 12
31 12 31 12 10 12 11 12 10 12 10 12 10 12 10 12
10 12 10 12 10 12 10 12 10 12 10 12 32 12 10 12
10 12 31 12 FF FF FF FF FF FF FF FF FF FF FF FF
FF FF FF FF FF FF FF FF FF FF FF FF FF FF FF FF
FF FF FF FF FF FF FF FF FF FF FF FF 10 12 FF FF
11 0A 31 12 FF FF B5 02 12 1A FF FF 11 12 10 12
FF FF 6E 11 FF FF FF FF FF FF FF FF FF FF FF FF
FF FF FF FF FF FF FF FF FF FF FF FF FF FF FF FF
FF FF FF FF FF FF FF FF FF FF FF FF FF FF FF FF
FF FF FF FF FF FF FF FF FF FF FF FF FF FF FF FF
10 12 F0 11 FF FF 10 0A 10 12 50 1A 32 12 31 12
EF 01 11 12 10 12 F1 11 11 12 31 12 FF FF FF FF
FF FF FF FF FF FF FF FF FF FF FF FF 52 22 FF FF
53 12 11 12 31 12 32 12 31 12 31 12 31 12 31 12
31 12 31 12 31 12 11 12 31 12 31 12 31 12 31 12
52 12 32 12 11 12 31 12 10 12 10 12 10 12 10 12
10 12 10 12 10 12 10 12 10 12 10 12 10 12 10 12
10 12 10 12 10 12 10 12 10 12 10 12 10 12 10 12
11 12 32 12 FF FF F0 11 FF FF FF FF FF FF FF FF
FF FF FF FF FF FF FF FF FF FF FF FF FF FF FF FF
FF FF FF FF FF FF FF FF FF FF FF FF FF FF FF FF
FF FF FF FF FF FF FF FF B5 2A FF FF FF FF F1 11
FF FF FF FF FF FF FF FF FF FF FF FF FF FF FF FF
FF FF FF FF FF FF FF FF FF FF FF FF FF FF FF FF
FF FF FF FF FF FF FF FF FF FF FF FF FF FF FF FF
FF FF FF FF FF FF FF FF FF FF FF FF FF FF FF FF
10 12 F0 11 FF FF 10 0A 10 12 F1 11 31 12 31 12
0A FF 11 12 10 12 F1 11 11 12 31 12 FF FF FF FF
FF FF FF FF FF FF FF FF FF FF FF FF 4D 22 FF FF
52 12 10 12 31 12 11 12 32 12 32 12 52 12 52 12
52 12 52 12 52 12 32 12 31 12 32 12 10 12 31 12
10 12 10 12 10 12 10 12 10 12 10 12 10 12 10 12
10 12 10 12 10 12 10 12 10 12 10 12 10 12 10 12
10 12 10 12 10 12 10 12 10 12 10 12 10 12 10 12
31 12 31 12 AA 02 10 12 FF FF FF FF FF FF FF FF
FF FF FF FF FF FF FF FF FF FF FF FF FF FF FF FF
FF FF FF FF FF FF FF FF FF FF FF FF FF FF FF FF
FF FF FF FF FF FF FF FF FF FF FF FF FF FF FF FF
FF FF FF FF FF FF FF FF FF FF FF FF FF FF FF FF
FF FF FF FF FF FF FF FF FF FF FF FF FF FF FF FF
FF FF FF FF FF FF FF FF FF FF FF FF FF FF FF FF
FF FF FF FF FF FF FF FF FF FF FF FF FF FF FF FF
10 12 F0 11 FF FF 10 0A 10 12 F1 11 31 12 31 12
0A FF 11 12 10 12 F1 11 11 12 31 12 FF FF FF FF
FF FF FF FF FF FF FF FF FF FF FF FF 0A FF FF FF
31 12 10 12 10 12 32 12 10 12 10 12 10 12 10 12
10 12 10 12 10 12 10 12 10 12 10 12 10 12 10 12
10 12 10 12 10 12 10 12 10 12 10 12 10 12 10 12
10 12 10 12 10 12 10 12 10 12 10 12 10 12 10 12
10 12 10 12 10 12 10 12 10 12 10 12 10 12 10 12
31 12 10 12 EF 11 11 12 FF FF FF FF FF FF FF FF
FF FF FF FF FF FF FF FF FF FF FF FF FF FF FF FF
FF FF FF FF FF FF FF FF FF FF FF FF FF FF FF FF
FF FF FF FF FF FF FF FF FF FF FF FF FF FF FF FF
FF FF FF FF FF FF FF FF FF FF FF FF FF FF FF FF
FF FF FF FF FF FF FF FF FF FF FF FF FF FF FF FF
FF FF FF FF FF FF FF FF FF FF FF FF FF FF FF FF
FF FF FF FF FF FF FF FF FF FF FF FF FF FF FF FF
10 12 F0 11 FF FF 10 0A 10 12 EF 11 31 12 31 12
AA 02 11 12 10 12 F1 11 11 12 31 12 FF FF FF FF
FF FF FF FF FF FF FF FF FF FF FF FF FF FF FF FF
10 12 CE 19 31 12 32 12 10 12 10 12 10 12 10 12
10 12 10 12 10 12 10 12 10 12 10 12 10 12 10 12
10 12 10 12 10 12 10 12 10 12 10 12 10 12 10 12
10 12 10 12 10 12 10 12 10 12 10 12 10 12 10 12
10 12 10 12 10 12 10 12 31 12 31 12 31 12 31 12
52 12 52 12 D0 11 10 12 FF FF FF FF FF FF FF FF
FF FF FF FF FF FF FF FF FF FF FF FF FF FF FF FF
FF FF FF FF FF FF FF FF FF FF FF FF FF FF FF FF
FF FF FF FF FF FF FF FF FF FF FF FF FF FF FF FF
FF FF FF FF FF FF FF FF FF FF FF FF FF FF FF FF
FF FF FF FF FF FF FF FF FF FF FF FF FF FF FF FF
FF FF FF FF FF FF FF FF FF FF FF FF FF FF FF FF
FF FF FF FF FF FF FF FF FF FF FF FF FF FF FF FF
10 12 F0 11 FF FF 10 0A 10 12 EF 11 31 12 31 12
AA 02 11 12 10 12 F1 11 11 12 31 12 FF FF FF FF
FF FF FF FF FF FF FF FF FF FF FF FF FF FF FF FF
F0 09 FF FF 31 12 11 12 10 12 31 12 10 12 10 12
10 12 10 12 10 12 10 12 10 12 10 12 10 12 10 12
10 12 10 12 10 12 10 12 10 12 10 12 10 12 10 12
10 12 10 12 10 12 10 12 10 12 10 12 31 12 10 12
31 12 31 12 31 12 31 12 31 12 31 12 31 12 32 12
32 12 52 12 32 01 10 0A FF FF FF FF FF FF FF FF
FF FF FF FF FF FF FF FF FF FF FF FF FF FF FF FF
FF FF FF FF FF FF FF FF FF FF FF FF FF FF FF FF
FF FF FF FF FF FF FF FF FF FF FF FF FF FF FF FF
FF FF FF FF FF FF FF FF FF FF FF FF FF FF FF FF
FF FF FF FF FF FF FF FF FF FF FF FF FF F0 FF FF
FF F8 FF F8 FF F8 FF F8 FF F8 FF F8 FF FF FF FF
FF FF FF FF FF FF FF FF FF FF FF FF FF FF FF FF
10 12 F0 11 FF FF 10 0A 10 12 EF 11 31 12 31 12
AA 02 11 12 10 12 F1 11 11 12 31 12 FF FF FF FF
FF FF FF FF FF FF FF FF FF FF FF FF FF FF FF FF
FF FF FF FF 11 12 0F FF 31 12 31 12 10 12 10 12
10 12 10 12 10 12 10 12 10 12 10 12 10 12 10 12
10 12 10 12 10 12 10 12 10 12 10 12 10 12 10 12
10 12 10 12 10 12 10 12 10 12 10 12 31 12 31 12
31 12 31 12 31 12 32 12 10 12 10 12 10 12 11 12
31 12 31 12 FF FF FF FF FF FF FF FF FF FF FF FF
FF FF FF FF FF FF FF FF FF FF FF FF FF FF FF FF
FF FF FF FF FF FF FF FF FF FF FF FF FF F8 FF FF
FF F8 FF F8 FF FF FF FF FF FF FF FF FF F8 FF F8
FF FF FF F0 FF FF FF FF FF FF FF FF FF FF FF FF
FF FF FF FF FF FF FF FF FF F8 FF FF FF F8 FF F8
FF F8 FF F8 FF F8 FF F8 FF F8 FF F8 FF F8 FF F8
FF FF FF F0 FF FF FF FF FF FF FF FF FF FF FF FF
10 12 F0 11 FF FF 10 0A 10 12 EF 11 31 12 31 12
AA 02 11 12 10 12 F1 11 11 12 31 12 FF FF FF FF
FF FF FF FF FF FF FF FF FF FF FF FF FF FF FF FF
FF FF FF FF F1 19 FF FF 32 12 10 12 10 12 11 12
10 12 10 12 10 12 10 12 10 12 10 12 10 12 10 12
10 12 10 12 10 12 10 12 10 12 10 12 10 12 10 12
10 12 10 12 10 12 10 12 31 12 11 12 10 12 31 12
10 12 10 12 31 12 31 12 0F FF AF 02 FF FF 1F FF
FF FF FF FF FF FF FF FF FF FF FF FF FF FF FF FF
FF FF FF FF FF FF FF FF FF FF FF FF FF FF FF FF
FF FF FF FF FF FF FF FF FF FF FF FF FF F8 FF F8
FF F8 FF F8 FF FF FF FF FF FF FF FF FF F8 FF F8
FF F8 FF F8 FF F8 FF F8 FF FF FF F8 FF FF FF FF
FF FF FF FF FF F8 FF FF FF F8 FF F8 FF F8 FF F8
FF F8 FF F8 FF F8 FF F8 FF F8 FF F8 FF F8 FF F8
FF F8 FF F8 FF FF FF F8 FF FF FF FF FF FF FF FF
10 12 F0 11 FF FF 10 0A 10 12 EF 11 31 12 31 12
AA 02 11 12 10 12 F1 11 11 12 31 12 FF FF FF FF
FF FF FF FF FF FF FF FF FF FF FF FF FF FF FF FF
FF FF FF FF FF FF FF FF 11 12 31 12 10 12 31 12
10 12 10 12 10 12 10 12 10 12 10 12 10 12 10 12
10 12 10 12 10 12 10 12 10 12 10 12 10 12 10 12
10 12 10 12 31 12 10 12 31 12 31 12 F0 09 11 12
6F 1A EF 11 FF FF 4F 01 FF FF FF FF FF FF FF FF
FF FF FF FF FF FF FF FF FF FF FF FF FF FF FF FF
FF FF FF FF FF FF FF FF FF FF FF FF FF FF FF FF
FF FF FF FF FF FF FF FF FF F0 FF FF FF F8 FF F8
FF F8 FF F8 FF FF FF FF FF FF FF FF FF F8 FF F8
FF F8 FF F8 FF F8 FF F8 FF F8 FF F8 FF F8 FF F8
FF F8 FF F8 FF F8 FF F8 FF F8 FF F8 FF F8 FF F8
FF F8 FF F8 FF F8 FF F8 FF F8 FF F8 FF F8 FF F8
FF F8 FF F8 FF F8 FF F8 FF FF FF FF FF FF FF FF
10 12 F0 11 FF FF 10 0A 10 12 EF 11 31 12 31 12
AA 02 11 12 10 12 F1 11 11 12 31 12 FF FF FF FF
FF FF FF FF FF FF FF FF FF FF FF FF FF FF FF FF
FF FF FF FF FF FF FF FF 10 12 FF FF 31 12 31 12
10 12 10 12 10 12 10 12 10 12 10 12 10 12 10 12
10 12 10 12 10 12 10 12 10 12 10 12 10 12 10 12
10 12 10 12 31 12 31 12 11 12 31 12 FF FF D1 19
FF FF FF FF FF FF FF FF FF FF FF FF FF FF FF FF
FF FF FF FF FF FF FF FF FF FF FF FF FF FF FF FF
FF FF FF FF FF FF FF FF FF FF FF FF FF FF FF FF
FF FF FF FF FF FF FF FF FF F8 FF F8 FF F8 FF F8
FF F8 FF F8 FF FF FF FF FF FF FF FF FF F8 FF F8
FF F8 FF F8 FF F8 FF F8 FF F8 FF F8 FF F8 FF F8
FF F8 FF F8 FF F8 FF F8 FF F8 FF F8 FF F8 FF F8
FF F8 FF F8 FF F8 FF F8 FF F8 FF F8 FF F8 FF F8
FF F8 FF F8 FF F8 FF F8 FF FF FF FF FF FF FF FF
10 12 F0 11 FF FF 10 0A 10 12 EF 11 31 12 31 12
AA 02 11 12 10 12 F1 11 11 12 31 12 FF FF FF FF
FF FF FF FF FF FF FF FF FF FF FF FF FF FF FF FF
FF FF FF FF FF FF FF FF 8F 19 FF FF 32 12 31 12
10 12 31 12 10 12 10 12 10 12 10 12 10 12 10 12
10 12 10 12 10 12 10 12 10 12 10 12 10 12 10 12
52 12 31 12 31 12 11 12 FF FF D0 11 FF FF FF FF
FF FF FF FF FF FF FF FF FF FF FF FF FF FF FF FF
FF FF FF FF FF FF FF FF FF FF FF FF FF FF FF FF
FF FF FF FF FF FF FF FF FF FF FF FF FF FF FF FF
FF FF FF FF FF F8 FF FF FF F8 FF F8 FF F8 FF F8
FF FF FF FF FF FF FF FF FF FF FF FF FF F8 FF FF
FF F8 FF F8 FF F8 FF F8 FF F8 FF F8 FF F8 FF F8
FF F8 FF F8 FF F8 FF F8 FF F8 FF F8 FF F8 FF F8
FF F8 FF F8 FF F8 FF F8 FF F8 FF F8 FF F8 FF F8
FF F8 FF F8 FF F8 FF F8 FF FF FF F8 FF FF FF FF
10 12 F0 11 FF FF 10 0A 10 12 EF 11 31 12 31 12
AA 02 11 12 10 12 F1 11 11 12 31 12 FF FF FF FF
FF FF FF FF FF FF FF FF FF FF FF FF FF FF FF FF
FF FF FF FF FF FF FF FF FF FF FF FF 11 12 2F 12
10 12 32 12 10 12 10 12 10 12 10 12 10 12 10 12
10 12 10 12 31 12 31 12 10 12 10 12 31 12 10 12
31 12 31 12 EF 11 10 12 FF FF FF FF FF FF FF FF
FF FF FF FF FF FF FF FF FF FF FF FF FF FF FF FF
FF FF FF FF FF FF FF FF FF FF FF FF FF FF FF FF
FF FF FF FF FF FF FF FF FF FF FF FF FF FF FF FF
FF FF FF FF FF F8 FF FF FF F8 FF F8 FF F8 FF F8
FF FF FF FF FF FF FF FF FF FF FF FF FF FF FF FF
FF F8 FF F8 FF F8 FF F8 FF F8 FF F8 FF F8 FF F8
FF F8 FF F8 FF F8 FF F8 FF F8 FF F8 FF F8 FF F8
FF F8 FF F8 FF F8 FF F8 FF F8 FF F8 FF F8 FF F8
FF F8 FF F8 FF F8 FF F8 FF FF FF F8 FF FF FF FF
10 12 F0 11 FF FF 10 0A 10 12 EF 11 31 12 31 12
AA 02 11 12 10 12 F1 11 11 12 31 12 FF FF FF FF
FF FF FF FF FF FF FF FF FF FF FF FF FF FF FF FF
FF FF FF FF FF FF FF FF FF FF FF FF 10 12 FF FF
52 12 31 12 10 12 11 12 10 12 10 12 31 12 11 12
32 12 52 12 10 12 11 12 10 12 10 12 31 12 31 12
10 12 11 12 FF FF FF FF FF FF FF FF FF FF FF FF
FF FF FF FF FF FF FF FF FF FF FF FF FF FF FF FF
FF FF FF FF FF FF FF FF FF FF FF FF FF FF FF FF
FF FF FF FF FF FF FF FF FF FF FF FF FF FF FF FF
FF FF FF FF FF F8 FF F8 FF F8 FF F8 FF F8 FF F8
FF FF FF FF FF FF FF FF FF FF FF FF FF FF FF FF
FF F8 FF FF FF F8 FF F8 FF F8 FF F8 FF F8 FF F8
FF F8 FF F8 FF F8 FF F8 FF F8 FF F8 FF F8 FF F8
FF F8 FF F8 FF F8 FF F8 FF F8 FF F8 FF F8 FF F8
FF F8 FF F8 FF F8 FF F8 FF FF FF F8 FF FF FF FF
10 12 F0 11 FF FF 10 0A 10 12 EF 11 31 12 31 12
AA 02 11 12 10 12 F1 11 11 12 31 12 FF FF FF FF
FF FF FF FF FF FF FF FF FF FF FF FF FF FF FF FF
FF FF FF FF FF FF FF FF FF FF FF FF FF FF FF FF
31 12 10 12 31 12 52 12 52 12 31 12 31 12 31 12
10 12 31 12 10 12 10 12 32 12 10 12 11 12 31 12
FF FF F0 11 FF FF FF FF FF FF FF FF FF FF FF FF
FF FF FF FF FF FF FF FF FF FF FF FF FF FF FF FF
FF FF FF FF FF FF FF FF FF FF FF FF FF FF FF FF
FF FF FF FF FF FF FF FF FF FF FF FF FF FF FF FF
FF F8 FF FF FF F8 FF F8 FF F8 FF F8 FF F8 FF F8
FF FF FF FF FF FF FF FF FF FF FF FF FF FF FF FF
FF F8 FF FF FF F8 FF F8 FF F8 FF F8 FF F8 FF F8
FF F8 FF F8 FF F8 FF F8 FF F8 FF F8 FF F8 FF F8
FF F8 FF F8 FF F8 FF F8 FF F8 FF F8 FF F8 FF F8
FF F8 FF F8 FF F8 FF F8 FF FF FF FF FF FF FF FF
10 12 F0 11 FF FF 10 0A 10 12 EF 11 31 12 31 12
AA 02 11 12 10 12 F1 11 11 12 31 12 FF FF FF FF
FF FF FF FF FF FF FF FF FF FF FF FF FF FF FF FF
FF FF FF FF FF FF FF FF FF FF FF FF FF FF FF FF
11 12 CE 19 31 12 31 12 32 12 31 12 10 12 31 12
8C 01 10 12 31 12 FF FF 31 12 52 12 4D 11 10 12
FF FF FF FF FF FF FF FF FF FF FF FF FF FF FF FF
FF FF FF FF FF FF FF FF FF FF FF FF FF FF FF FF
FF FF FF FF FF FF FF FF FF FF FF FF FF FF FF FF
FF FF FF FF FF FF FF FF FF FF FF FF FF FF FF FF
FF F8 FF FF FF F8 FF F8 FF F8 FF F8 FF FF FF F8
FF FF FF FF FF FF FF FF FF FF FF FF FF FF FF FF
FF FF FF FF FF F8 FF F8 FF F8 FF F8 FF F8 FF F8
FF F8 FF F8 FF F8 FF F8 FF F8 FF F8 FF F8 FF F8
FF F8 FF F8 FF F8 FF F8 FF F8 FF F8 FF F8 FF F8
FF F8 FF F8 FF FF FF FF FF FF FF FF FF FF FF FF
10 12 F0 11 FF FF 10 0A 10 12 EF 11 31 12 31 12
AA 02 11 12 10 12 F1 11 11 12 31 12 FF FF FF FF
FF FF FF FF FF FF FF FF FF FF FF FF FF FF FF FF
FF FF FF FF FF FF FF FF FF FF FF FF FF FF FF FF
FF FF FF FF 31 12 10 12 11 12 10 12 FF FF EF 01
FF FF FF FF 31 12 10 12 10 12 53 12 FF FF 4A 29
FF FF FF FF FF FF FF FF FF FF FF FF FF FF FF FF
FF FF FF FF FF FF FF FF FF FF FF FF FF FF FF FF
FF FF FF FF FF FF FF FF FF FF FF FF FF FF FF FF
FF FF FF FF FF FF FF FF FF FF FF FF FF FF FF FF
FF F8 FF FF FF F8 FF F8 FF F8 FF F8 FF FF FF F8
FF FF FF FF FF FF FF FF FF FF FF FF FF FF FF FF
FF FF FF FF FF FF FF FF FF F8 FF F8 FF F8 FF F8
FF F8 FF F8 FF F8 FF F8 FF F8 FF F8 FF F8 FF F8
FF F8 FF F8 FF FF FF F8 FF FF FF FF FF FF FF FF
FF FF FF FF FF FF FF FF FF FF FF FF FF FF FF FF
10 12 F0 11 FF FF 10 0A 10 12 EF 11 31 12 31 12
AA 02 11 12 10 12 F1 11 11 12 31 12 FF FF FF FF
FF FF FF FF FF FF FF FF FF FF FF FF FF FF FF FF
FF FF FF FF FF FF FF FF FF FF FF FF FF FF FF FF
FF FF FF FF FF FF FF FF FF FF FF FF FF FF FF FF
10 12 FF FF 31 12 10 12 FF FF 11 12 FF FF FF FF
FF FF FF FF FF FF FF FF FF FF FF FF FF FF FF FF
FF FF FF FF FF FF FF FF FF FF FF FF FF FF FF FF
FF FF FF FF FF FF FF FF FF FF FF FF FF FF FF FF
FF FF FF FF FF FF FF FF FF FF FF FF FF FF FF FF
FF F8 FF F8 FF F8 FF F8 FF F8 FF F8 FF FF FF F8
FF FF FF FF FF FF FF FF FF FF FF FF FF FF FF FF
FF FF FF FF FF FF FF FF FF F8 FF F8 FF F8 FF F8
FF F8 FF F8 FF F8 FF F8 FF F8 FF F8 FF F8 FF F8
FF FF FF F8 FF FF FF FF FF FF FF FF FF FF FF FF
FF FF FF FF FF FF FF FF FF FF FF FF FF FF FF FF
10 12 F0 11 FF FF 10 0A 10 12 EF 11 31 12 31 12
AA 02 11 12 10 12 F1 11 11 12 31 12 FF FF FF FF
FF FF FF FF FF FF FF FF FF FF FF FF FF FF FF FF
FF FF FF FF FF FF FF FF FF FF FF FF FF FF FF FF
FF FF FF FF FF FF FF FF FF FF FF FF 0F FF FF FF
10 12 F0 11 71 11 10 12 FF FF FF FF FF FF FF FF
FF FF FF FF FF FF FF FF FF FF FF FF FF FF FF FF
FF FF FF FF FF FF FF FF FF FF FF FF FF FF FF FF
FF FF FF FF FF FF FF FF FF FF FF FF FF FF FF FF
FF FF FF FF FF FF FF FF FF FF FF FF FF FF FF FF
FF F8 FF F8 FF F8 FF F8 FF F8 FF F8 FF FF FF F8
FF F8 FF FF FF F8 FF F8 FF F8 FF F8 FF FF FF FF
FF FF FF FF FF FF FF FF FF F0 FF FF FF F8 FF F8
FF F8 FF F8 FF F8 FF F8 FF F8 FF F8 FF F0 FF F8
FF F8 FF F8 FF FF FF FF FF FF FF FF FF FF FF FF
FF FF FF FF FF FF FF FF FF FF FF FF FF FF FF FF
10 12 F0 11 FF FF 10 0A 10 12 EF 11 31 12 31 12
AA 02 11 12 10 12 F1 11 11 12 31 12 FF FF FF FF
FF FF FF FF FF FF FF FF FF FF FF FF FF FF FF FF
FF FF FF FF FF FF FF FF FF FF FF FF FF FF FF FF
FF FF FF FF FF FF FF FF FF FF FF FF F0 09 FF FF
11 12 10 12 FF FF 2D 21 FF FF FF FF FF FF FF FF
FF FF FF FF FF FF FF FF FF FF FF FF FF FF FF FF
FF FF FF FF FF FF FF FF FF FF FF FF FF FF FF FF
FF FF FF FF FF FF FF FF FF FF FF FF FF FF FF FF
FF FF FF FF FF FF FF FF FF FF FF FF FF F8 FF FF
FF F8 FF F8 FF F8 FF F8 FF F8 FF F8 FF FF FF F8
FF F8 FF F8 FF F8 FF F8 FF F8 FF F8 FF F8 FF F8
FF FF FF F8 FF FF FF FF FF FF FF FF FF F8 FF F8
FF F8 FF F8 FF F8 FF F8 FF F8 FF F8 FF F8 FF F8
FF F8 FF F8 FF F8 FF F8 FF FF FF FF FF FF FF FF
FF FF FF FF FF FF FF FF FF FF FF FF FF FF FF FF
10 12 F0 11 FF FF 10 0A 10 12 EF 11 31 12 31 12
AA 02 11 12 10 12 F1 11 11 12 31 12 FF FF FF FF
FF FF FF FF FF FF FF FF FF FF FF FF FF FF FF FF
FF FF FF FF FF FF FF FF FF FF FF FF FF FF FF FF
FF FF FF FF FF FF FF FF FF FF FF FF 10 12 0F FF
52 02 10 12 FF FF FF FF FF FF FF FF FF FF FF FF
FF FF FF FF FF FF FF FF FF FF FF FF FF FF FF FF
FF FF FF FF FF FF FF FF FF FF FF FF FF FF FF FF
FF FF FF FF FF FF FF FF FF FF FF FF FF FF FF FF
FF FF FF FF FF FF FF FF FF FF FF FF FF F8 FF FF
FF F8 FF F8 FF F8 FF F8 FF F8 FF F8 FF FF FF F8
FF F8 FF F8 FF F8 FF F8 FF F8 FF F8 FF F8 FF F8
FF F8 FF F8 FF F8 FF F8 FF F8 FF F8 FF F8 FF F8
FF F8 FF F8 FF F8 FF F8 FF F8 FF F8 FF F8 FF F8
FF F8 FF F8 FF F8 FF F8 FF FF FF F8 FF FF FF FF
FF FF FF FF FF FF FF FF FF FF FF FF FF FF FF FF
10 12 F0 11 FF FF 10 0A 10 12 EF 11 31 12 31 12
AA 02 11 12 10 12 F1 11 11 12 31 12 FF FF FF FF
FF FF FF FF FF FF FF FF FF FF FF FF FF FF FF FF
FF FF FF FF FF FF FF FF FF FF FF FF FF FF FF FF
FF FF FF FF FF FF FF FF FF FF FF FF B5 02 FF FF
FF FF AA 02 FF FF FF FF FF FF FF FF FF FF FF FF
FF FF FF FF FF FF FF FF FF FF FF FF FF FF FF FF
FF FF FF FF FF FF FF FF FF FF FF FF FF FF FF FF
FF FF FF FF FF FF FF FF FF FF FF FF FF FF FF FF
FF FF FF FF FF FF FF FF FF FF FF FF FF F8 FF F8
FF F8 FF F8 FF F8 FF F8 FF F8 FF F8 FF FF FF F8
FF F8 FF F8 FF F8 FF F8 FF F8 FF F8 FF F8 FF F8
FF F8 FF F8 FF F8 FF F8 FF F8 FF F8 FF F8 FF F8
FF F8 FF F8 FF F8 FF F8 FF F8 FF F8 FF F8 FF F8
FF F8 FF F8 FF F8 FF F8 FF F8 FF F8 FF FF FF FF
FF FF FF FF FF FF FF FF FF FF FF FF FF FF FF FF
10 12 F0 11 FF FF 10 0A 10 12 EF 11 31 12 31 12
AA 02 11 12 10 12 F1 11 11 12 31 12 FF FF FF FF
FF FF FF FF FF FF FF FF FF FF FF FF FF FF FF FF
FF FF FF FF FF FF FF FF FF FF FF FF FF FF FF FF
FF FF FF FF FF FF FF FF FF FF FF FF FF FF FF FF
FF FF FF FF FF FF FF FF FF FF FF FF FF FF FF FF
FF FF FF FF FF FF FF FF FF FF FF FF FF FF FF FF
FF FF FF FF FF FF FF FF FF FF FF FF FF FF FF FF
FF FF FF FF FF FF FF FF FF FF FF FF FF FF FF FF
FF FF FF FF FF FF FF FF FF FF FF FF FF F8 FF F8
FF F8 FF F8 FF F8 FF F8 FF F8 FF F8 FF FF FF F8
FF F8 FF FF FF F8 FF F8 FF F8 FF F8 FF F8 FF F8
FF F8 FF F8 FF F8 FF F8 FF F8 FF F8 FF F8 FF F8
FF F8 FF F8 FF F8 FF F8 FF F8 FF F8 FF F8 FF F8
FF F8 FF F8 FF F8 FF F8 FF F8 FF F8 FF FF FF FF
FF FF FF FF FF FF FF FF FF FF FF FF FF FF FF FF
10 12 F0 11 FF FF 10 0A 10 12 EF 11 31 12 31 12
AA 02 11 12 10 12 F1 11 11 12 31 12 FF FF FF FF
FF FF FF FF FF FF FF FF FF FF FF FF FF FF FF FF
FF FF FF FF FF FF FF FF FF FF FF FF FF FF FF FF
FF FF FF FF FF FF FF FF FF FF FF FF FF FF FF FF
FF FF FF FF FF FF FF FF FF FF FF FF FF FF FF FF
FF FF FF FF FF FF FF FF FF FF FF FF FF FF FF FF
FF FF FF FF FF FF FF FF FF FF FF FF FF FF FF FF
FF FF FF FF FF FF FF FF FF FF FF FF FF FF FF FF
FF FF FF FF FF FF FF FF FF F8 FF FF FF F8 FF F8
FF F8 FF F8 FF F8 FF F8 FF F8 FF F8 FF FF FF F8
FF FF FF FF FF F8 FF F8 FF F8 FF F8 FF F8 FF F8
FF F8 FF F8 FF F8 FF F8 FF F8 FF F8 FF F8 FF F8
FF F8 FF F8 FF F8 FF F8 FF F8 FF F8 FF F8 FF F8
FF F8 FF F8 FF F8 FF F8 FF F8 FF F8 FF FF FF FF
FF FF FF FF FF FF FF FF FF FF FF FF FF FF FF FF
10 12 F0 11 FF FF 10 0A 10 12 EF 11 31 12 31 12
AA 02 11 12 10 12 F1 11 11 12 31 12 FF FF FF FF
FF FF FF FF FF FF FF FF FF FF FF FF FF FF FF FF
FF FF FF FF FF FF FF FF FF FF FF FF FF FF FF FF
FF FF FF FF FF FF FF FF FF FF FF FF FF FF FF FF
FF FF FF FF FF FF FF FF FF FF FF FF FF FF FF FF
FF FF FF FF FF FF FF FF FF FF FF FF FF FF FF FF
FF FF FF FF FF FF FF FF FF FF FF FF FF FF FF FF
FF FF FF FF FF FF FF FF FF FF FF FF FF FF FF FF
FF FF FF FF FF FF FF FF FF F8 FF F8 FF F8 FF F8
FF F8 FF F8 FF F8 FF F8 FF F8 FF F8 FF FF FF F8
FF FF FF FF FF F8 FF FF FF F8 FF F8 FF F8 FF F8
FF F8 FF F8 FF F8 FF F8 FF F8 FF F8 FF F8 FF F8
FF F8 FF F8 FF F8 FF F8 FF F8 FF F8 FF F8 FF F8
FF F8 FF F8 FF F8 FF F8 FF F8 FF F8 FF FF FF FF
FF FF FF FF FF FF FF FF FF FF FF FF FF FF FF FF
10 12 F0 11 FF FF 10 0A 10 12 EF 11 31 12 31 12
AA 02 11 12 10 12 F1 11 11 12 31 12 FF FF FF FF
FF FF FF FF FF FF FF FF FF FF FF FF FF FF FF FF
FF FF FF FF FF FF FF FF FF FF FF FF FF FF FF FF
FF FF FF FF FF FF FF FF FF FF FF FF FF FF FF FF
FF FF FF FF FF FF FF FF FF FF FF FF FF FF FF FF
FF FF FF FF FF FF FF FF FF FF FF FF FF FF FF FF
FF FF FF FF FF FF FF FF FF FF FF FF FF FF FF FF
FF FF FF FF FF FF FF FF FF FF FF FF FF FF FF FF
FF FF FF FF FF F8 FF FF FF F8 FF F8 FF F8 FF F8
FF F8 FF F8 FF F8 FF F8 FF F8 FF F8 FF FF FF FF
FF FF FF FF FF FF FF FF FF F8 FF F8 FF F8 FF F8
FF F8 FF F8 FF F8 FF F8 FF F8 FF F8 FF F8 FF F8
FF F8 FF F8 FF F8 FF F8 FF F8 FF F8 FF F8 FF F8
FF F8 FF F8 FF F8 FF F8 FF FF FF FF FF FF FF FF
FF FF FF FF FF FF FF FF FF FF FF FF FF FF FF FF
10 12 F0 11 FF FF 10 0A 10 12 EF 11 31 12 31 12
AA 02 11 12 10 12 F1 11 11 12 31 12 FF FF FF FF
FF FF FF FF FF FF FF FF FF FF FF FF FF FF FF FF
FF FF FF FF FF FF FF FF FF FF FF FF FF FF FF FF
FF FF FF FF FF FF FF FF FF FF FF FF FF FF FF FF
FF FF FF FF FF FF FF FF FF FF FF FF FF FF FF FF
FF FF FF FF FF FF FF FF FF FF FF FF FF FF FF FF
FF FF FF FF FF FF FF FF FF FF FF FF FF FF FF FF
FF FF FF FF FF FF FF FF FF FF FF FF FF FF FF FF
FF FF FF FF FF C8 FF FF FF F8 FF F8 FF F8 FF F8
FF F8 FF F8 FF F8 FF F8 FF F8 FF F8 FF FF FF FF
FF FF FF FF FF FF FF FF FF FF FF FF FF F8 FF F8
FF F8 FF F8 FF F8 FF F8 FF F8 FF F8 FF F8 FF F8
FF F8 FF F8 FF F8 FF F8 FF F8 FF F8 FF F8 FF F8
FF F8 FF F8 FF FF FF FF FF FF FF FF FF FF FF FF
FF FF FF FF FF FF FF FF FF FF FF FF FF FF FF FF
10 12 F0 11 FF FF 10 0A 10 12 EF 11 31 12 31 12
AA 02 11 12 10 12 F1 11 11 12 31 12 FF FF FF FF
FF FF FF FF FF FF FF FF FF FF FF FF FF FF FF FF
FF FF FF FF FF FF FF FF FF FF FF FF FF FF FF FF
FF FF FF FF FF FF FF FF FF FF FF FF FF FF FF FF
FF FF FF FF FF FF FF FF FF FF FF FF FF FF FF FF
FF FF FF FF FF FF FF FF FF FF FF FF FF FF FF FF
FF FF FF FF FF FF FF FF FF FF FF FF FF FF FF FF
FF FF FF FF FF FF FF FF FF FF FF FF FF FF FF FF
FF FF FF FF FF C8 FF FF FF F8 FF F8 FF F8 FF F8
FF F8 FF F8 FF F8 FF F8 FF F8 FF F8 FF FF FF FF
FF FF FF FF FF FF FF FF FF FF FF FF FF FF FF FF
FF F8 FF F8 FF F8 FF F8 FF F8 FF F8 FF F8 FF F8
FF F8 FF F8 FF F8 FF F8 FF F8 FF F8 FF FF FF F8
FF FF FF FF FF FF FF FF FF FF FF FF FF FF FF FF
FF FF FF FF FF FF FF FF FF FF FF FF FF FF FF FF
10 12 F0 11 FF FF 10 0A 10 12 EF 11 31 12 31 12
AA 02 11 12 10 12 F1 11 11 12 31 12 FF FF FF FF
FF FF FF FF FF FF FF FF FF FF FF FF FF FF FF FF
FF FF FF FF FF FF FF FF FF FF FF FF FF FF FF FF
FF FF FF FF FF FF FF FF FF FF FF FF FF FF FF FF
FF FF FF FF FF FF FF FF FF FF FF FF FF FF FF FF
FF FF FF FF FF FF FF FF FF FF FF FF FF FF FF FF
FF FF FF FF FF FF FF FF FF FF FF FF FF FF FF FF
FF FF FF FF FF FF FF FF FF FF FF FF FF FF FF FF
FF FF FF FF FF F8 FF FF FF F8 FF F8 FF F8 FF F8
FF F8 FF F8 FF F8 FF F8 FF F8 FF F8 FF FF FF FF
FF FF FF FF FF FF FF FF FF FF FF FF FF FF FF FF
FF FF FF FF FF F8 FF FF FF F8 FF F8 FF F8 FF F8
FF F8 FF F8 FF FF FF F8 FF FF FF FF FF FF FF FF
FF FF FF FF FF FF FF FF FF FF FF FF FF FF FF FF
FF FF FF FF FF FF FF FF FF FF FF FF FF FF FF FF
10 12 F0 11 FF FF 10 0A 10 12 EF 11 31 12 31 12
AA 02 11 12 10 12 F1 11 11 12 31 12 FF FF FF FF
FF FF FF FF FF FF FF FF FF FF FF FF FF FF FF FF
FF FF FF FF FF FF FF FF FF FF FF FF FF FF FF FF
FF FF FF FF FF FF FF FF FF FF FF FF FF FF FF FF
FF FF FF FF FF FF FF FF FF FF FF FF FF FF FF FF
FF FF FF FF FF FF FF FF FF FF FF FF FF FF FF FF
FF FF FF FF FF FF FF FF FF FF FF FF FF FF FF FF
FF FF FF FF FF FF FF FF FF FF FF FF FF FF FF FF
FF FF FF FF FF FF FF FF FF F8 FF F8 FF F8 FF F8
FF F8 FF F8 FF F8 FF F8 FF F8 FF F8 FF FF FF FF
FF FF FF FF FF FF FF FF FF FF FF FF FF FF FF FF
FF FF FF FF FF FF FF FF FF FF FF FF FF FF FF FF
FF FF FF FF FF FF FF FF FF FF FF FF FF FF FF FF
FF FF FF FF FF FF FF FF FF FF FF FF FF FF FF FF
FF FF FF FF FF FF FF FF FF FF FF FF FF FF FF FF
10 12 F0 11 FF FF 10 0A 10 12 EF 11 31 12 31 12
AA 02 11 12 10 12 F1 11 11 12 31 12 FF FF FF FF
FF FF FF FF FF FF FF FF FF FF FF FF FF FF FF FF
FF FF FF FF FF FF FF FF FF FF FF FF FF FF FF FF
FF FF FF FF FF FF FF FF FF FF FF FF FF FF FF FF
FF FF FF FF FF FF FF FF EF 03 FF FF 11 12 31 12
FF FF 31 12 30 0A F1 09 52 12 11 0A FF FF FF FF
FF FF FF FF FF FF FF FF FF FF FF FF FF FF FF FF
FF FF FF FF FF FF FF FF FF FF FF FF FF FF FF FF
FF FF FF FF FF FF FF FF FF F8 FF F8 FF F8 FF F8
FF F8 FF F8 FF F8 FF F8 FF F8 FF F8 FF FF FF FF
FF FF FF FF FF FF FF FF FF FF FF FF FF FF FF FF
FF FF FF FF FF FF FF FF FF FF FF FF FF FF FF FF
FF FF FF FF FF FF FF FF FF FF FF FF FF FF FF FF
FF FF FF FF FF FF FF FF FF FF FF FF FF FF FF FF
FF FF FF FF FF FF FF FF FF FF FF FF FF FF FF FF
10 12 F0 11 FF FF 10 0A 10 12 EF 11 31 12 31 12
AA 02 11 12 10 12 F1 11 11 12 31 12 FF FF FF FF
FF FF FF FF FF FF FF FF FF FF FF FF FF FF FF FF
FF FF FF FF FF FF FF FF FF FF FF FF FF FF FF FF
FF FF FF FF FF FF FF FF FF FF FF FF FF FF FF FF
FF FF FF FF FF FF FF FF 10 0A FF FF 32 12 31 12
EB 01 31 0A 31 12 11 12 31 12 31 12 FF FF EF 01
FF FF FF FF FF FF FF FF FF FF FF FF FF FF FF FF
FF FF FF FF FF FF FF FF FF FF FF FF FF FF FF FF
FF FF FF FF FF FF FF FF FF F8 FF F8 FF F8 FF F8
FF F8 FF F8 FF F8 FF F8 FF F8 FF F8 FF FF FF FF
FF FF FF FF FF FF FF FF FF FF FF FF FF FF FF FF
FF FF FF FF FF FF FF FF FF FF FF FF FF FF FF FF
FF FF FF FF FF FF FF FF FF FF FF FF FF FF FF FF
FF FF FF FF FF FF FF FF FF FF FF FF FF FF FF FF
FF FF FF FF FF FF FF FF FF FF FF FF FF FF FF FF
10 12 F0 11 FF FF 10 0A 10 12 EF 11 31 12 31 12
AA 02 11 12 10 12 F1 11 11 12 31 12 FF FF FF FF
FF FF FF FF FF FF FF FF FF FF FF FF FF FF FF FF
FF FF FF FF FF FF FF FF FF FF FF FF FF FF FF FF
FF FF FF FF FF FF FF FF FF FF FF FF FF FF FF FF
FF FF FF FF FF FF FF FF F0 11 FF FF 53 12 31 12
CE 11 31 12 52 12 10 12 10 12 53 12 FF FF 8F 19
FF FF FF FF FF FF FF FF FF FF FF FF FF FF FF FF
FF FF FF FF FF FF FF FF FF FF FF FF FF FF FF FF
FF FF FF FF FF FF FF FF FF F8 FF FF FF F8 FF F8
FF F8 FF F8 FF F8 FF F8 FF F8 FF F8 FF FF FF FF
FF FF FF FF FF FF FF FF FF FF FF FF FF FF FF FF
FF FF FF FF FF FF FF FF FF FF FF FF FF FF FF FF
FF FF FF FF FF FF FF FF FF FF FF FF FF FF FF FF
FF FF FF FF FF FF FF FF FF FF FF FF FF FF FF FF
FF FF FF FF FF FF FF FF FF FF FF FF FF FF FF FF
10 12 F0 11 FF FF 10 0A 10 12 EF 11 31 12 31 12
AA 02 11 12 10 12 F1 11 11 12 31 12 FF FF FF FF
FF FF FF FF FF FF FF FF FF FF FF FF FF FF FF FF
FF FF FF FF FF FF FF FF FF FF FF FF FF FF FF FF
FF FF FF FF FF FF FF FF FF FF FF FF FF FF FF FF
FF FF FF FF FF FF FF FF 11 12 FF FF 52 12 10 12
2E 12 31 12 52 12 10 12 10 12 52 12 FF FF D1 19
FF FF FF FF FF FF FF FF FF FF FF FF FF FF FF FF
FF FF FF FF FF FF FF FF FF FF FF FF FF FF FF FF
FF FF FF FF FF FF FF FF FF F8 FF FF FF F8 FF F8
FF F8 FF F8 FF F8 FF F8 FF FF FF F8 FF FF FF FF
FF FF FF FF FF FF FF FF FF FF FF FF FF FF FF FF
FF FF FF FF FF FF FF FF FF FF FF FF FF FF FF FF
FF FF FF FF FF FF FF FF FF FF FF FF FF FF FF FF
FF FF FF FF FF FF FF FF FF FF FF FF FF FF FF FF
FF FF FF FF FF FF FF FF FF FF FF FF FF FF FF FF
10 12 F0 11 FF FF 10 0A 10 12 EF 11 31 12 31 12
AA 02 11 12 10 12 F1 11 11 12 31 12 FF FF FF FF
FF FF FF FF FF FF FF FF FF FF FF FF FF FF FF FF
FF FF FF FF FF FF FF FF FF FF FF FF FF FF FF FF
FF FF FF FF FF FF FF FF FF FF FF FF FF FF FF FF
FF FF FF FF FF FF FF FF 10 12 FF FF 32 12 10 12
2E 12 31 12 32 12 10 12 10 12 32 12 FF FF D1 19
FF FF FF FF FF FF FF FF FF FF FF FF FF FF FF FF
FF FF FF FF FF FF FF FF FF FF FF FF FF FF FF FF
FF FF FF FF FF FF FF FF FF FF FF FF FF F8 FF F8
FF F8 FF F8 FF F8 FF F8 FF FF FF F8 FF FF FF FF
FF FF FF FF FF FF FF FF FF FF FF FF FF FF FF FF
FF FF FF FF FF FF FF FF FF FF FF FF FF FF FF FF
FF FF FF FF FF FF FF FF FF FF FF FF FF FF FF FF
FF FF FF FF FF FF FF FF FF FF FF FF FF FF FF FF
FF FF FF FF FF FF FF FF FF FF FF FF FF FF FF FF
10 12 F0 11 FF FF 10 0A 10 12 EF 11 31 12 31 12
AA 02 11 12 10 12 F1 11 11 12 31 12 FF FF FF FF
FF FF FF FF FF FF FF FF FF FF FF FF FF FF FF FF
FF FF FF FF FF FF FF FF FF FF FF FF FF FF FF FF
FF FF FF FF FF FF FF FF FF FF FF FF FF FF FF FF
FF FF FF FF FF FF FF FF 10 12 FF FF 32 12 10 12
2E 12 31 12 32 12 10 12 10 12 32 12 FF FF D1 19
FF FF FF FF FF FF FF FF FF FF FF FF FF FF FF FF
FF FF FF FF FF FF FF FF FF FF FF FF FF FF FF FF
FF FF FF FF FF FF FF FF FF FF FF FF FF F8 FF FF
FF F8 FF F8 FF F8 FF F8 FF FF FF FF FF FF FF FF
FF FF FF FF FF FF FF FF FF FF FF FF FF FF FF FF
FF FF FF FF FF FF FF FF FF FF FF FF FF FF FF FF
FF FF FF FF FF FF FF FF FF FF FF FF FF FF FF FF
FF FF FF FF FF FF FF FF FF FF FF FF FF FF FF FF
FF FF FF FF FF FF FF FF FF FF FF FF FF FF FF FF
10 12 F0 11 FF FF 10 0A 10 12 EF 11 31 12 31 12
AA 02 11 12 10 12 F1 11 11 12 31 12 FF FF FF FF
FF FF FF FF FF FF FF FF FF FF FF FF FF FF FF FF
FF FF FF FF FF FF FF FF FF FF FF FF FF FF FF FF
FF FF FF FF FF FF FF FF FF FF FF FF FF FF FF FF
FF FF FF FF FF FF FF FF 10 12 FF FF 32 12 10 12
2E 12 31 12 32 12 10 12 10 12 32 12 FF FF CE 19
FF FF FF FF FF FF FF FF FF FF FF FF FF FF FF FF
FF FF FF FF FF FF FF FF FF FF FF FF FF FF FF FF
FF FF FF FF FF FF FF FF FF FF FF FF FF FF FF FF
FF FF FF FF FF FF FF FF FF FF FF FF FF FF FF FF
FF FF FF FF FF FF FF FF FF FF FF FF FF FF FF FF
FF FF FF FF FF FF FF FF FF FF FF FF FF FF FF FF
FF FF FF FF FF FF FF FF FF FF FF FF FF FF FF FF
FF FF FF FF FF FF FF FF FF FF FF FF FF FF FF FF
FF FF FF FF FF FF FF FF FF FF FF FF FF FF FF FF
10 12 F0 11 FF FF 10 0A 10 12 EF 11 31 12 31 12
AA 02 11 12 10 12 F1 11 11 12 31 12 FF FF FF FF
FF FF FF FF FF FF FF FF FF FF FF FF FF FF FF FF
FF FF FF FF FF FF FF FF FF FF FF FF FF FF FF FF
FF FF FF FF FF FF FF FF FF FF FF FF FF FF FF FF
FF FF FF FF FF FF FF FF 10 12 FF FF 32 12 10 12
2E 12 31 12 32 12 10 12 10 12 32 12 FF FF FF FF
FF FF FF FF FF FF FF FF FF FF FF FF FF FF FF FF
FF FF FF FF FF FF FF FF FF FF FF FF FF FF FF FF
FF FF FF FF FF FF FF FF FF FF FF FF FF FF FF FF
FF FF FF FF FF FF FF FF FF FF FF FF FF FF FF FF
FF FF FF FF FF FF FF FF FF FF FF FF FF FF FF FF
FF FF FF FF FF FF FF FF FF FF FF FF FF FF FF FF
FF FF FF FF FF FF FF FF FF FF FF FF FF FF FF FF
FF FF FF FF FF FF FF FF FF FF FF FF FF FF FF FF
FF FF FF FF FF FF FF FF FF FF FF FF FF FF FF FF
10 12 10 12 FF FF 71 0A 10 12 EF 01 31 12 31 12
AA 02 11 12 10 12 F1 11 11 12 31 12 FF FF FF FF
FF FF FF FF FF FF FF FF FF FF FF FF FF FF FF FF
FF FF FF FF FF FF FF FF FF FF FF FF FF FF FF FF
FF FF FF FF FF FF FF FF FF FF FF FF FF FF FF FF
FF FF FF FF FF FF FF FF 10 12 FF FF 32 12 10 12
2E 12 31 12 31 12 10 12 10 12 31 12 10 12 10 12
10 0A F0 11 10 12 F0 11 10 12 10 12 10 12 10 12
10 12 10 12 10 0A 10 12 10 12 10 12 10 12 10 12
10 12 10 12 10 12 10 12 10 12 10 12 10 12 10 12
10 12 10 12 10 12 10 12 10 12 10 12 10 12 10 12
10 12 10 12 10 12 10 12 10 12 10 12 10 12 10 12
10 12 10 12 10 12 10 12 10 12 10 12 10 12 10 12
F0 09 10 12 0F 12 10 12 10 12 10 0A 10 12 10 12
10 12 10 12 10 12 10 12 10 12 10 12 10 12 10 12
10 12 10 12 10 12 10 12 10 12 10 12 10 12 10 12
10 12 F0 11 10 12 10 12 10 12 10 12 31 12 31 12
AA 02 11 12 10 12 F1 11 11 12 31 12 FF FF FF FF
FF FF FF FF FF FF FF FF FF FF FF FF FF FF FF FF
FF FF FF FF FF FF FF FF FF FF FF FF FF FF FF FF
FF FF FF FF FF FF FF FF FF FF FF FF FF FF FF FF
FF FF FF FF FF FF FF FF 10 12 FF FF 32 12 10 12
2E 12 31 12 31 12 10 12 11 12 11 12 31 12 31 12
11 12 31 12 31 12 11 12 31 12 31 12 31 12 31 12
31 12 31 12 31 12 31 12 31 12 31 12 31 12 31 12
31 12 31 12 31 12 31 12 31 12 31 12 31 12 31 12
31 12 31 12 31 12 31 12 31 12 31 12 31 12 31 12
31 12 31 12 31 12 31 12 31 12 31 12 31 12 31 12
31 12 31 12 31 12 31 12 31 12 31 12 31 12 31 12
31 12 31 12 31 12 31 12 31 12 31 12 31 12 31 12
31 12 31 12 31 12 31 12 31 12 31 12 31 12 31 12
31 12 31 12 31 12 31 12 31 12 31 12 31 12 31 12
10 12 11 12 31 12 31 12 10 12 31 12 31 12 11 12
AA 02 11 12 10 12 F1 11 11 12 31 12 FF FF FF FF
FF FF FF FF FF FF FF FF FF FF FF FF FF FF FF FF
FF FF FF FF FF FF FF FF FF FF FF FF FF FF FF FF
FF FF FF FF FF FF FF FF FF FF FF FF FF FF FF FF
FF FF FF FF FF FF FF FF 10 12 FF FF 32 12 10 12
2E 12 31 12 31 12 10 12 31 12 10 12 73 12 53 12
52 12 73 12 52 12 52 12 52 12 52 12 52 12 52 12
52 12 52 12 53 12 52 12 73 12 73 12 73 12 73 12
73 12 73 12 73 12 73 12 73 12 73 12 73 12 73 12
73 12 73 12 73 12 73 12 73 12 73 12 73 12 73 12
73 12 73 12 73 12 73 12 73 12 73 12 73 12 73 12
73 12 73 12 73 12 73 12 73 12 73 12 73 12 73 12
73 12 73 12 73 12 73 12 52 12 53 12 52 12 52 12
52 12 52 12 52 12 52 12 52 12 52 12 52 12 52 12
52 12 52 12 52 12 52 12 52 12 52 12 52 12 52 12
31 12 52 12 73 12 53 12 11 12 52 12 32 12 11 12
AA 02 11 12 10 12 F1 11 11 12 31 12 FF FF FF FF
FF FF FF FF FF FF FF FF FF FF FF FF FF FF FF FF
FF FF FF FF FF FF FF FF FF FF FF FF FF FF FF FF
FF FF FF FF FF FF FF FF FF FF FF FF FF FF FF FF
FF FF FF FF FF FF FF FF 10 12 FF FF 32 12 10 12
2E 12 31 12 31 12 10 12 10 12 31 12 10 12 10 12
31 12 10 12 10 12 10 12 10 12 10 12 10 12 10 12
10 12 10 12 10 12 10 12 10 12 10 12 10 12 10 12
10 12 10 12 10 12 10 12 10 12 10 12 10 12 10 12
10 12 10 12 10 12 10 12 10 12 10 12 10 12 10 12
10 12 10 12 10 12 10 12 10 12 10 12 10 12 10 12
10 12 10 12 10 12 10 12 10 12 10 12 10 12 10 12
10 12 10 12 10 12 10 12 10 12 10 12 10 12 10 12
10 12 10 12 10 12 10 12 10 12 10 12 10 12 10 12
10 12 10 12 10 12 10 12 10 12 10 12 10 12 10 12
10 12 10 12 10 12 10 12 10 12 10 12 32 12 31 12
AA 02 11 12 10 12 F1 11 11 12 31 12 FF FF FF FF
FF FF FF FF FF FF FF FF FF FF FF FF FF FF FF FF
FF FF FF FF FF FF FF FF FF FF FF FF FF FF FF FF
FF FF FF FF FF FF FF FF FF FF FF FF FF FF FF FF
FF FF FF FF FF FF FF FF 10 12 FF FF 32 12 10 12
2E 12 31 12 32 12 10 12 10 12 31 12 2C 33 10 1A
F0 11 71 12 31 12 F0 09 6F 1A B1 1A 6F 1A 6F 1A
6F 1A 6F 1A 6F 1A 6F 1A 6F 1A 6F 1A 6F 1A 6F 1A
6F 1A 6F 1A 6F 1A 6F 1A 6F 1A 6F 1A 6F 1A 6F 1A
6F 1A 6F 1A 6F 1A 6F 1A 6F 1A 6F 1A 6F 1A 6F 1A
6F 1A 6F 1A 6F 1A 6F 1A 6F 1A 6F 1A 6F 1A 6F 1A
6F 1A 6F 1A 6F 1A 6F 1A 6F 1A 6F 1A 6F 1A 6F 1A
6F 1A 6F 1A 6F 1A 6F 1A 6F 1A 6F 1A 6F 1A 6F 1A
6F 1A 6F 1A 6F 1A 6F 1A 6F 1A 6F 1A 6F 1A 6F 1A
6F 1A 6F 1A 6F 1A 6F 1A 6F 1A 6F 1A AE 1A AE 1A
10 12 F0 11 E0 07 10 0A 10 12 F0 09 31 12 31 12
AA 02 11 12 10 12 F1 11 11 12 31 12 FF FF FF FF
FF FF FF FF FF FF FF FF FF FF FF FF FF FF FF FF
FF FF FF FF FF FF FF FF FF FF FF FF FF FF FF FF
FF FF FF FF FF FF FF FF FF FF FF FF FF FF FF FF
FF FF FF FF FF FF FF FF 10 12 FF FF 32 12 10 12
2E 12 31 12 32 12 10 12 10 12 31 12 30 12 10 0A
31 12 31 12 10 12 10 12 31 12 31 12 31 12 31 12
31 12 31 12 31 12 31 12 31 12 31 12 31 12 31 12
31 12 31 12 31 12 31 12 31 12 31 12 31 12 31 12
31 12 31 12 31 12 31 12 31 12 31 12 31 12 31 12
31 12 31 12 31 12 31 12 31 12 31 12 31 12 31 12
31 12 31 12 31 12 31 12 31 12 31 12 31 12 31 12
31 12 31 12 31 12 31 12 31 12 31 12 31 12 31 12
31 12 31 12 31 12 31 12 31 12 31 12 31 12 31 12
31 12 31 12 31 12 31 12 31 12 31 12 30 12 30 12
10 12 10 12 10 0A 10 0A 10 12 10 12 31 12 31 12
AA 02 11 12 10 12 F1 11 11 12 31 12 FF FF FF FF
FF FF FF FF FF FF FF FF FF FF FF FF FF FF FF FF
FF FF FF FF FF FF FF FF FF FF FF FF FF FF FF FF
FF FF FF FF FF FF FF FF FF FF FF FF FF FF FF FF
FF FF FF FF FF FF FF FF 10 12 FF FF 32 12 10 12
2E 12 31 12 31 12 10 12 10 12 11 12 11 12 10 12
31 12 11 12 10 12 11 12 10 12 10 12 10 12 10 12
10 12 10 12 10 12 10 12 10 12 10 12 10 12 10 12
10 12 10 12 10 12 10 12 10 12 10 12 10 12 10 12
10 12 10 12 10 12 10 12 10 12 10 12 10 12 10 12
10 12 10 12 10 12 10 12 10 12 10 12 10 12 10 12
10 12 10 12 10 12 10 12 10 12 10 12 10 12 10 12
10 12 10 12 10 12 10 12 10 12 10 12 10 12 10 12
10 12 10 12 10 12 10 12 10 12 10 12 10 12 10 12
10 12 10 12 10 12 10 12 10 12 10 12 10 12 10 12
10 12 10 12 11 12 10 12 10 12 11 12 32 12 11 12
AA 02 11 12 10 12 F1 11 11 12 31 12 FF FF FF FF
FF FF FF FF FF FF FF FF FF FF FF FF FF FF FF FF
FF FF FF FF FF FF FF FF FF FF FF FF FF FF FF FF
FF FF FF FF FF FF FF FF FF FF FF FF FF FF FF FF
FF FF FF FF FF FF FF FF 10 12 FF FF 52 12 10 12
2E 12 31 12 32 12 10 12 31 12 31 12 31 12 31 12
31 12 31 12 31 12 31 12 31 12 31 12 31 12 31 12
31 12 31 12 31 12 31 12 31 12 31 12 31 12 31 12
31 12 31 12 31 12 31 12 31 12 31 12 31 12 31 12
31 12 31 12 31 12 31 12 31 12 31 12 31 12 31 12
31 12 31 12 31 12 31 12 31 12 31 12 31 12 31 12
31 12 31 12 31 12 31 12 31 12 31 12 31 12 31 12
31 12 31 12 31 12 31 12 31 12 31 12 31 12 31 12
31 12 31 12 31 12 31 12 31 12 31 12 31 12 31 12
31 12 31 12 31 12 31 12 31 12 31 12 31 12 31 12
11 12 31 12 31 12 31 12 11 12 31 12 32 12 31 12
AA 02 10 12 10 12 D1 11 F0 11 31 12 FF FF FF FF
FF FF FF FF FF FF FF FF FF FF FF FF FF FF FF FF
FF FF FF FF FF FF FF FF FF FF FF FF FF FF FF FF
FF FF FF FF FF FF FF FF FF FF FF FF FF FF FF FF
FF FF FF FF FF FF FF FF F0 11 FF FF 53 12 31 12
6E 11 11 12 53 12 10 12 32 12 52 12 52 12 52 12
32 12 52 12 52 12 52 12 52 12 52 12 52 12 52 12
52 12 52 12 52 12 52 12 52 12 52 12 52 12 52 12
52 12 52 12 52 12 52 12 52 12 52 12 52 12 52 12
52 12 52 12 52 12 52 12 52 12 52 12 52 12 52 12
52 12 52 12 52 12 52 12 52 12 52 12 52 12 52 12
52 12 52 12 52 12 52 12 52 12 52 12 52 12 52 12
52 12 52 12 52 12 52 12 52 12 52 12 52 12 52 12
52 12 52 12 52 12 52 12 52 12 52 12 52 12 52 12
52 12 52 12 52 12 52 12 52 12 52 12 52 12 52 12
32 12 52 12 52 12 52 12 32 12 52 12 53 12 52 12
AA 02 11 0A 10 12 B2 11 11 12 52 12 FF FF FF FF
FF FF FF FF FF FF FF FF FF FF FF FF FF FF FF FF
FF FF FF FF FF FF FF FF FF FF FF FF FF FF FF FF
FF FF FF FF FF FF FF FF FF FF FF FF FF FF FF FF
FF FF FF FF FF FF FF FF CF 09 FF FF 31 12 11 12
07 FF 11 12 52 12 11 12 31 12 31 12 31 12 31 12
31 12 31 12 31 12 31 12 31 12 31 12 31 12 31 12
31 12 31 12 31 12 31 12 31 12 31 12 31 12 31 12
31 12 31 12 31 12 31 12 31 12 31 12 31 12 31 12
31 12 31 12 31 12 31 12 31 12 31 12 31 12 31 12
31 12 31 12 31 12 31 12 31 12 31 12 31 12 31 12
31 12 31 12 31 12 31 12 31 12 31 12 31 12 31 12
31 12 31 12 31 12 31 12 31 12 31 12 31 12 31 12
31 12 31 12 31 12 31 12 31 12 31 12 31 12 31 12
31 12 31 12 31 12 31 12 31 12 31 12 31 12 31 12
31 12 31 12 31 12 31 12 31 12 31 12 52 12 31 12
FF FF 11 12 11 12 D1 19 31 12 52 12 FF FF FF FF
FF FF FF FF FF FF FF FF FF FF FF FF FF FF FF FF
FF FF FF FF FF FF FF FF FF FF FF FF FF FF FF FF
FF FF FF FF FF FF FF FF FF FF FF FF FF FF FF FF
FF FF FF FF FF FF FF FF FF FF FF FF EF 09 31 12
FF FF FF FF 10 1A EF 01 10 0A EF 09 10 0A 10 0A
10 0A 10 0A 10 0A 10 0A 10 0A 10 0A 10 0A 10 0A
10 0A 10 0A 10 0A 10 0A 10 0A 10 0A 10 0A 10 0A
10 0A 10 0A 10 0A 10 0A 10 0A 10 0A 10 0A 10 0A
10 0A 10 0A 10 0A 10 0A 10 0A 10 0A 10 0A 10 0A
10 0A 10 0A 10 0A 10 0A 10 0A 10 0A 10 0A 10 0A
10 0A 10 0A 10 0A 10 0A 10 0A 10 0A 10 0A 10 0A
10 0A 10 0A 10 0A 10 0A 10 0A 10 0A 10 0A 10 0A
10 0A 10 0A 10 0A 10 0A 10 0A 10 0A 10 0A 10 0A
10 0A 10 0A 10 0A 10 0A 10 0A 10 0A 10 0A 10 0A
10 0A 10 0A 10 0A 10 0A 10 0A 10 0A 0F 1A EF 09
FF FF 55 29 F3 01 FF FF 0F FF 2F 0A FF FF FF FF
FF FF FF FF FF FF FF FF FF FF FF FF FF FF FF FF
FF FF FF FF FF FF FF FF FF FF FF FF FF FF FF FF
FF FF FF FF FF FF FF FF FF FF FF FF FF FF FF FF
FF FF FF FF FF FF FF FF FF FF FF FF FF FF FF FF
FF FF FF FF FF FF FF FF FF FF FF FF FF FF FF FF
FF FF FF FF FF FF FF FF FF FF FF FF FF FF FF FF
FF FF FF FF FF FF FF FF FF FF FF FF FF FF FF FF
FF FF FF FF FF FF FF FF FF FF FF FF FF FF FF FF
FF FF FF FF FF FF FF FF FF FF FF FF FF FF FF FF
FF FF FF FF FF FF FF FF FF FF FF FF FF FF FF FF
FF FF FF FF FF FF FF FF FF FF FF FF FF FF FF FF
FF FF FF FF FF FF FF FF FF FF FF FF FF FF FF FF
FF FF FF FF FF FF FF FF FF FF FF FF FF FF FF FF
FF FF FF FF FF FF FF FF FF FF FF FF FF FF FF FF
FF FF FF FF FF FF FF FF FF FF FF FF FF FF FF FF
FF FF FF FF FF FF FF FF FF FF FF FF FF FF FF FF
FF FF FF FF FF FF FF FF FF FF FF FF FF FF FF FF
FF FF FF FF FF FF FF FF FF FF FF FF FF FF FF FF
FF FF FF FF FF FF FF FF FF FF FF FF FF FF FF FF
FF FF FF FF FF FF FF FF FF FF FF FF FF FF FF FF
FF FF FF FF FF FF FF FF FF FF FF FF FF FF FF FF
FF FF FF FF FF FF FF FF FF FF FF FF FF FF FF FF
FF FF FF FF FF FF FF FF FF FF FF FF FF FF FF FF
FF FF FF FF FF FF FF FF FF FF FF FF FF FF FF FF
FF FF FF FF FF FF FF FF FF FF FF FF FF FF FF FF
FF FF FF FF FF FF FF FF FF FF FF FF FF FF FF FF
FF FF FF FF FF FF FF FF FF FF FF FF FF FF FF FF
FF FF FF FF FF FF FF FF FF FF FF FF FF FF FF FF
FF FF FF FF FF FF FF FF FF FF FF FF FF FF FF FF
FF FF FF FF FF FF FF FF FF FF FF FF FF FF FF FF
FF FF FF FF FF FF FF FF FF FF FF FF FF FF FF FF
FF FF FF FF FF FF FF FF FF FF FF FF FF FF FF FF
FF FF FF FF FF FF FF FF FF FF FF FF FF FF FF FF
FF FF FF FF FF FF FF FF FF FF FF FF FF FF FF FF
FF FF FF FF FF FF FF FF FF FF FF FF FF FF FF FF
FF FF FF FF FF FF FF FF 4F 01 FF FF 10 12 10 12
FF FF D1 19 31 12 31 12 10 12 31 12 10 12 10 12
10 12 10 12 10 12 10 12 10 12 10 12 10 12 10 12
10 12 10 12 10 12 10 12 10 0A 10 12 10 0A 10 0A
10 0A 10 0A 10 0A 10 0A 10 12 10 12 10 12 11 12
10 12 10 12 10 12 10 12 10 12 10 12 10 12 10 12
10 12 10 12 10 12 10 12 10 12 10 12 10 12 10 12
10 12 10 12 10 12 10 12 10 12 10 12 10 12 10 12
10 12 10 12 10 12 10 12 10 12 10 12 10 12 10 12
10 12 10 12 10 12 10 12 10 12 10 12 10 12 10 12
10 12 10 12 10 12 10 12 10 12 10 12 10 12 10 12
10 12 10 12 10 12 10 12 11 12 10 12 6F 02 11 12
FF FF FF FF 10 12 4F 01 EF 11 31 12 FF FF FF FF
FF FF FF FF FF FF FF FF FF FF FF FF FF FF FF FF
FF FF FF FF FF FF FF FF FF FF FF FF FF FF FF FF
FF FF FF FF FF FF FF FF FF FF FF FF FF FF FF FF
FF FF FF FF FF FF FF FF EF 11 FF FF 10 12 10 12
FF FF F2 19 10 12 B1 11 10 12 10 12 10 12 10 12
10 12 10 12 10 12 10 12 10 12 10 12 10 12 10 12
10 12 10 12 10 12 10 12 10 12 10 12 10 12 10 12
10 12 10 12 10 12 10 12 10 12 10 12 10 12 10 12
10 12 10 12 10 12 10 12 10 12 10 12 10 12 10 12
10 12 10 12 10 12 10 12 10 12 10 12 10 12 10 12
10 12 10 12 10 12 10 12 10 12 10 12 10 12 10 12
10 12 10 12 10 12 10 12 10 12 10 12 10 12 10 12
10 12 10 12 10 12 10 12 10 12 10 12 10 12 10 12
10 12 10 12 10 12 10 12 10 12 10 12 10 12 10 12
10 12 10 12 10 12 10 12 11 12 10 12 0F 0A 11 12
FF FF FF FF 10 12 71 11 F1 19 31 12 FF FF FF FF
FF FF FF FF FF FF FF FF FF FF FF FF FF FF FF FF
FF FF FF FF FF FF FF FF FF FF FF FF FF FF FF FF
FF FF FF FF FF FF FF FF FF FF FF FF FF FF FF FF
FF FF FF FF FF FF FF FF EF 03 FF FF F0 09 EF 11
FF FF AA 02 4F 12 B5 02 31 12 33 12 31 12 31 12
31 12 31 12 31 12 31 12 31 12 31 12 31 12 31 12
31 12 31 12 31 12 31 12 11 12 EF 11 F0 11 D0 11
F0 11 F0 11 11 12 F0 11 F0 09 31 12 31 12 31 12
31 12 31 12 31 12 31 12 31 12 31 12 31 12 31 12
31 12 31 12 31 12 31 12 31 12 31 12 31 12 31 12
31 12 31 12 31 12 31 12 31 12 31 12 31 12 31 12
31 12 31 12 31 12 31 12 31 12 31 12 31 12 31 12
31 12 31 12 31 12 31 12 31 12 31 12 31 12 31 12
31 12 31 12 31 12 31 12 31 12 31 12 31 12 31 12
31 12 31 12 31 12 31 12 F1 09 31 12 EF 01 31 0A
FF FF FF FF EF 09 0F FF 1F FF 6E 02 FF FF FF FF
FF FF FF FF FF FF FF FF FF FF FF FF FF FF FF FF
FF FF FF FF FF FF FF FF FF FF FF FF FF FF FF FF
FF FF FF FF FF FF FF FF FF FF FF FF FF FF FF FF
FF FF FF FF FF FF FF FF FF FF FF FF FF FF FF FF
FF FF FF FF FF FF FF FF FF FF FF FF FF FF FF FF
FF FF FF FF FF FF FF FF FF FF FF FF FF FF FF FF
FF FF FF FF FF FF FF FF FF FF FF FF FF FF FF FF
FF FF FF FF FF FF FF FF FF FF FF FF FF FF FF FF
FF FF FF FF FF FF FF FF FF FF FF FF FF FF FF FF
FF FF FF FF FF FF FF FF FF FF FF FF FF FF FF FF
FF FF FF FF FF FF FF FF FF FF FF FF FF FF FF FF
FF FF FF FF FF FF FF FF FF FF FF FF FF FF FF FF
FF FF FF FF FF FF FF FF FF FF FF FF FF FF FF FF
FF FF FF FF FF FF FF FF FF FF FF FF FF FF FF FF
FF FF FF FF FF FF FF FF FF FF FF FF FF FF FF FF
FF FF FF FF FF FF FF FF FF FF FF FF FF FF FF FF
FF FF FF FF FF FF FF FF FF FF FF FF FF FF FF FF
FF FF FF FF FF FF FF FF FF FF FF FF FF FF FF FF
FF FF FF FF FF FF FF FF FF FF FF FF FF FF FF FF
FF FF FF FF FF FF FF FF FF FF FF FF FF FF FF FF
FF FF FF FF FF FF FF FF FF FF FF FF FF FF FF FF
FF FF FF FF FF FF FF FF FF FF FF FF FF FF FF FF
FF FF FF FF FF FF FF FF FF FF FF FF FF FF FF FF
FF FF FF FF FF FF FF FF FF FF FF FF FF FF FF FF
FF FF FF FF FF FF FF FF FF FF FF FF FF FF FF FF
FF FF FF FF FF FF FF FF FF FF FF FF FF FF FF FF
FF FF FF FF FF FF FF FF FF FF FF FF FF FF FF FF
FF FF FF FF FF FF FF FF FF FF FF FF FF FF FF FF
FF FF FF FF FF FF FF FF FF FF FF FF FF FF FF FF
FF FF FF FF FF FF FF FF FF FF FF FF FF FF FF FF
FF FF FF FF FF FF FF FF FF FF FF FF FF FF FF FF
FF FF FF FF FF FF FF FF FF FF FF FF FF FF FF FF
FF FF FF FF FF FF FF FF 00 00 00 00 00 00 00 00
00 00 00 00 00 00 00 00 00 00 00 00 00 00 00 00
00 00 00 00 00 00 00 00 00 00 00 00 00 00 00 00
00 00 00 00 00 00 00 00 00 00 00 00 00 00 00 00
00 00 00 00 00 00 00 00 00 00 00 00 00 00 00 00
00 00 00 00 00 00 00 00 00 00 00 00 00 00 00 00
00 00 00 00 00 00 00 00 00 00 00 00 00 00 00 00
00 00 00 00 00 00 00 00 00 00 00 00 00 00 00 00
00 00 00 00 00 00 00 00 00 00 00 00 00 00 00 00
00 00 00 00 00 00 00 00 00 00 00 00 00 00 00 00
00 00 00 00 00 00 00 00 00 00 00 00 00 00 00 00
00 00 00 00 00 00 00 00 00 00 00 00 00 00 00 00
00 00 00 00 00 00 00 00 00 00 00 00 00 00 00 00
00 00 00 00 00 00 00 00 00 00 00 00 00 00 00 00
00 00 00 00 00 00 00 00 00 00 00 00 00 00 00 00
00 00 00 00 00 00 00 00 00 00 00 00 00 00 00 00
00 00 00 00 00 00 00 00 00 00 00 00 00 00 00 00
00 00 00 00 00 00 00 00 00 00 00 00 00 00 00 00
00 00 00 00 00 00 00 00 00 00 00 00 00 00 00 00
00 00 00 00 00 00 00 00 00 00 00 00 00 00 00 00
00 00 00 00 00 00 00 00 00 00 00 00 00 00 00 00
00 00 00 00 00 00 00 00 00 00 00 00 00 00 00 00
00 00 00 00 00 00 00 00 00 00 00 00 00 00 00 00
00 00 00 00 00 00 00 00 00 00 00 00 00 00 00 00
00 00 00 00 00 00 00 00 00 00 00 00 00 00 00 00
00 00 00 00 00 00 00 00 00 00 00 00 00 00 00 00
00 00 00 00 00 00 00 00 00 00 00 00 00 00 00 00
00 00 00 00 00 00 00 00 00 00 00 00 00 00 00 00
00 00 00 00 00 00 00 00 00 00 00 00 00 00 00 00
00 00 00 00 00 00 00 00 00 00 00 00 00 00 00 00
00 00 00 00 00 00 00 00 00 00 00 00 00 00 00 00
00 00 00 00 00 00 00 00 00 00 00 00 00 00 00 00
00 00 00 00 00 00 00 00 00 00 00 00 00 00 00 00
00 00 00 00 00 00 00 00 00 00 00 00 00 00 00 00
00 00 00 00 00 00 00 00 00 00 00 00 00 00 00 00
00 00 00 00 00 00 00 00 00 00 00 00 00 00 00 00
00 00 00 00 00 00 00 00 00 00 00 00 00 00 00 00
00 00 00 00 00 00 00 00 00 00 00 00 00 00 00 00
00 00 00 00 00 00 00 00 00 00 00 00 00 00 00 00
00 00 00 00 00 00 00 00 00 00 00 00 00 00 00 00
00 00 00 00 00 00 00 00 00 00 00 00 00 00 00 00
00 00 00 00 00 00 00 00 00 00 00 00 00 00 00 00
00 00 00 00 00 00 00 00 00 00 00 00 00 00 00 00
00 00 00 00 00 00 00 00 00 00 00 00 00 00 00 00
00 00 00 00 00 00 00 00 00 00 00 00 00 00 00 00
00 00 00 00 00 00 00 00 00 00 00 00 00 00 00 00
00 00 00 00 00 00 00 00 00 00 00 00 00 00 00 00
00 00 00 00 00 00 00 00 00 00 00 00 00 00 00 00
00 00 00 00 00 00 00 00 00 00 00 00 00 00 00 00
00 00 00 00 00 00 00 00 00 00 00 00 00 00 00 00
00 00 00 00 00 00 00 00 00 00 00 00 00 00 00 00
00 00 00 00 00 00 00 00 00 00 00 00 00 00 00 00
00 00 00 00 00 00 00 00 00 00 00 00 00 00 00 00
00 00 00 00 00 00 00 00 00 00 00 00 00 00 00 00
00 00 00 00 00 00 00 00 00 00 00 00 00 00 00 00
00 00 00 00 00 00 00 00 00 00 00 00 00 00 00 00
00 00 00 00 00 00 00 00 00 00 00 00 00 00 00 00
00 00 00 00 00 00 00 00 00 00 00 00 00 00 00 00
00 00 00 00 00 00 00 00 00 00 00 00 00 00 00 00
00 00 00 00 00 00 00 00 00 00 00 00 00 00 00 00
00 00 00 00 00 00 00 00 00 00 00 00 00 00 00 00
00 00 00 00 00 00 00 00 00 00 00 00 00 00 00 00
00 00 00 00 00 00 00 00 00 00 00 00 00 00 00 00
00 00 00 00 00 00 00 00 00 00 00 00 00 00 00 00
00 00 00 00 00 00 00 00 00 00 00 00 00 00 00 00
00 00 00 00 00 00 00 00 00 00 00 00 00 00 00 00
00 00 00 00 00 00 00 00 00 00 00 00 00 00 00 00
00 00 00 00 00 00 00 00 00 00 00 00 00 00 00 00
00 00 00 00 00 00 00 00 00 00 00 00 00 00 00 00
00 00 00 00 00 00 00 00 00 00 00 00 00 00 00 00
00 00 00 00 00 00 00 00 00 00 00 00 00 00 00 00
00 00 00 00 00 00 00 00 00 00 00 00 00 00 00 00
00 00 00 00 00 00 00 00 00 00 00 00 00 00 00 00
00 00 00 00 00 00 00 00 00 00 00 00 00 00 00 00
00 00 00 00 00 00 00 00 00 00 00 00 00 00 00 00
00 00 00 00 00 00 00 00 00 00 00 00 00 00 00 00
00 00 00 00 00 00 00 00 00 00 00 00 00 00 00 00
00 00 00 00 00 00 00 00 00 00 00 00 00 00 00 00
00 00 00 00 00 00 00 00 00 00 00 00 00 00 00 00
00 00 00 00 00 00 00 00 00 00 00 00 00 00 00 00
00 00 00 00 00 00 00 00 00 00 00 00 00 00 00 00
00 00 00 00 00 00 00 00 00 00 00 00 00 00 00 00
00 00 00 00 00 00 00 00 00 00 00 00 00 00 00 00
00 00 00 00 00 00 00 00 00 00 00 00 00 00 00 00
00 00 00 00 00 00 00 00 00 00 00 00 00 00 00 00
00 00 00 00 00 00 00 00 00 00 00 00 00 00 00 00
00 00 00 00 00 00 00 00 00 00 00 00 00 00 00 00
00 00 00 00 00 00 00 00 00 00 00 00 00 00 00 00
00 00 00 00 00 00 00 00 00 00 00 00 00 00 00 00
00 00 00 00 00 00 00 00 00 00 00 00 00 00 00 00
00 00 00 00 00 00 00 00 00 00 00 00 00 00 00 00
00 00 00 00 00 00 00 00 00 00 00 00 00 00 00 00
00 00 00 00 00 00 00 00 00 00 00 00 00 00 00 00
00 00 00 00 00 00 00 00 00 00 00 00 00 00 00 00
00 00 00 00 00 00 00 00 00 00 00 00 00 00 00 00
00 00 00 00 00 00 00 00 00 00 00 00 00 00 00 00
00 00 00 00 00 00 00 00 00 00 00 00 00 00 00 00
00 00 00 00 00 00 00 00 00 00 00 00 00 00 00 00
00 00 00 00 00 00 00 00 00 00 00 00 00 00 00 00
00 00 00 00 00 00 00 00 00 00 00 00 00 00 00 00
00 00 00 00 00 00 00 00 00 00 00 00 00 00 00 00
00 00 00 00 00 00 00 00 00 00 00 00 00 00 00 00
00 00 00 00 00 00 00 00 00 00 00 00 00 00 00 00
00 00 00 00 00 00 00 00 00 00 00 00 00 00 00 00
00 00 00 00 00 00 00 00 00 00 00 00 00 00 00 00
00 00 00 00 00 00 00 00 00 00 00 00 00 00 00 00
00 00 00 00 00 00 00 00 00 00 00 00 00 00 00 00
00 00 00 00 00 00 00 00 00 00 00 00 00 00 00 00
00 00 00 00 00 00 00 00 00 00 00 00 00 00 00 00
00 00 00 00 00 00 00 00 00 00 00 00 00 00 00 00
00 00 00 00 00 00 00 00 00 00 00 00 00 00 00 00
00 00 00 00 00 00 00 00 00 00 00 00 00 00 00 00
00 00 00 00 00 00 00 00 00 00 00 00 00 00 00 00
00 00 00 00 00 00 00 00 00 00 00 00 00 00 00 00
00 00 00 00 00 00 00 00 00 00 00 00 00 00 00 00
00 00 00 00 00 00 00 00 00 00 00 00 00 00 00 00
00 00 00 00 00 00 00 00 00 00 00 00 AD 29 8E 29
8E 29 8E 29 8E 29 8D 21 00 00 00 00 00 00 00 00
00 00 00 00 8E 21 6E 21 8E 21 8E 21 8E 21 8E 21
8E 21 8E 21 8E 21 8E 21 8E 21 8E 21 8E 21 8E 21
8E 21 8E 21 8E 21 8E 21 8E 29 8E 29 8E 21 8E 29
86 10 8E 21 01 98 00 00 02 E0 02 E0 02 E0 02 E0
02 E0 02 E0 02 E0 02 E0 02 E0 02 E0 02 E0 02 E0
02 E0 02 E0 02 E0 02 E0 02 E0 02 E0 02 E0 02 E0
02 E0 02 E0 02 E0 02 E0 02 E0 02 E0 8E 21 00 00
00 00 00 00 00 00 00 00 00 00 00 00 00 00 00 00
00 00 00 00 00 00 00 00 00 00 00 00 00 00 00 00
00 00 00 00 00 00 00 00 00 00 00 00 00 00 00 00
00 00 00 00 00 00 00 00 00 00 00 00 00 00 00 00
00 00 00 00 00 00 00 00 00 00 00 00 00 00 00 00
00 00 00 00 00 00 00 00 00 00 00 00 00 00 00 00
00 00 00 00 00 00 00 00 00 00 00 00 00 00 00 00
00 00 00 00 00 00 00 00 00 00 00 00 8E 21 8E 21
8E 21 8E 21 8E 21 8E 21 00 00 00 00 00 00 00 00
8E 29 00 00 8E 29 8E 29 8E 29 8E 29 8E 29 8E 29
8E 29 8E 29 8E 29 8E 29 8E 29 8E 29 8E 29 8E 29
8E 29 8E 29 8E 29 8E 29 8E 29 8E 29 8E 29 8E 29
A5 10 8E 29 02 E0 00 00 02 E0 02 E0 02 E0 02 E0
02 E0 02 E0 02 E0 02 E0 02 E0 02 E0 02 E0 02 E0
02 E0 02 E0 02 E0 02 E0 02 E0 02 E0 02 E0 02 E0
02 E0 02 E0 02 E0 02 E0 02 E0 02 E0 8E 21 00 00
00 00 00 00 00 00 00 00 00 00 00 00 00 00 00 00
00 00 00 00 00 00 00 00 00 00 00 00 00 00 00 00
00 00 00 00 00 00 00 00 00 00 00 00 00 00 00 00
00 00 00 00 00 00 00 00 00 00 00 00 00 00 00 00
00 00 00 00 00 00 00 00 00 00 00 00 00 00 00 00
00 00 00 00 00 00 00 00 00 00 00 00 00 00 00 00
00 00 00 00 00 00 00 00 00 00 00 00 00 00 00 00
00 00 00 00 00 00 00 00 AD 29 00 00 8E 29 8E 29
8E 29 8E 29 8E 29 8E 29 00 00 00 00 00 00 00 00
8E 29 00 00 8E 29 8E 29 8E 29 8E 29 8E 29 8E 29
8E 29 8E 29 8E 29 8E 29 8E 29 8E 29 8E 29 8E 29
8E 29 8E 29 8E 29 8E 29 8E 29 8E 29 8E 29 8E 29
00 00 8E 29 02 E0 00 00 02 E0 02 E0 02 E0 02 E0
02 E0 02 E0 02 E0 02 E0 02 E0 02 E0 02 E0 02 E0
02 E0 02 E0 02 E0 02 E0 02 E0 02 E0 02 E0 02 E0
02 E0 02 E0 02 E0 02 E0 00 50 02 E0 8E 29 00 00
00 00 00 00 00 00 00 00 00 00 00 00 00 00 00 00
00 00 00 00 00 00 00 00 00 00 00 00 00 00 00 00
00 00 00 00 00 00 00 00 00 00 00 00 00 00 00 00
00 00 00 00 00 00 00 00 00 00 00 00 00 00 00 00
00 00 00 00 00 00 00 00 00 00 00 00 00 00 00 00
00 00 00 00 00 00 00 00 00 00 00 00 00 00 00 00
00 00 00 00 00 00 00 00 00 00 00 00 00 00 00 00
00 00 00 00 00 00 00 00 8D 29 00 00 8E 29 8E 29
8E 29 8E 29 8E 29 8E 29 00 00 00 00 00 00 00 00
8E 29 00 00 8E 29 8E 29 8E 29 8E 29 8E 29 8E 29
8E 29 8E 29 8E 29 8E 29 8E 29 8E 29 8E 29 8E 29
8E 29 8E 29 8E 29 8E 29 8E 29 8E 29 8E 29 8E 29
00 00 8E 29 02 E0 00 88 02 E0 02 E0 02 E0 02 E0
02 E0 02 E0 02 E0 02 E0 02 E0 02 E0 02 E0 02 E0
02 E0 02 E0 02 E0 02 E0 02 E0 02 E0 02 E0 02 E0
02 E0 02 E0 02 E0 02 E0 00 00 02 E0 8E 29 00 00
00 00 8E 21 00 00 00 00 00 00 00 00 00 00 00 00
00 00 00 00 00 00 00 00 00 00 00 00 00 00 00 00
00 00 00 00 00 00 00 00 00 00 00 00 00 00 00 00
00 00 00 00 00 00 00 00 00 00 00 00 00 00 00 00
00 00 00 00 00 00 00 00 00 00 00 00 00 00 00 00
00 00 00 00 00 00 00 00 00 00 00 00 00 00 00 00
00 00 00 00 00 00 00 00 00 00 00 00 00 00 00 00
00 00 00 00 00 00 00 00 8E 29 00 00 8E 29 8E 29
8E 29 8E 29 8E 29 8E 29 00 00 00 00 00 00 00 00
8E 29 8D 29 8E 29 8E 29 8E 29 8E 29 8E 29 8E 29
8E 29 8E 29 8E 29 8E 29 8E 29 8E 29 8E 29 8E 29
8E 29 8E 29 8E 29 8E 29 8E 29 8E 29 8E 29 8E 29
00 00 8E 21 02 E0 01 88 02 E0 02 E0 02 E0 02 E0
02 E0 02 E0 02 E0 02 E0 02 E0 02 E0 02 E0 02 E0
02 E0 02 E0 02 E0 02 E0 02 E0 02 E0 02 E0 02 E0
02 E0 02 E0 02 E0 02 E0 00 00 02 E0 8E 29 00 00
00 00 8E 29 00 00 00 00 00 00 00 00 00 00 00 00
00 00 00 00 00 00 00 00 00 00 00 00 00 00 00 00
00 00 00 00 00 00 00 00 00 00 00 00 00 00 00 00
00 00 00 00 00 00 00 00 00 00 00 00 00 00 00 00
00 00 00 00 00 00 00 00 00 00 00 00 00 00 00 00
00 00 00 00 00 00 00 00 00 00 00 00 00 00 00 00
00 00 00 00 00 00 00 00 00 00 00 00 00 00 00 00
00 00 00 00 00 00 00 00 8E 29 4A 29 8E 29 8E 29
8E 29 8E 29 8E 29 8E 29 00 00 00 00 00 00 00 00
8E 29 8E 29 8E 29 8E 29 8E 29 8E 29 8E 29 8E 29
8E 29 8E 29 8E 29 8E 29 8E 29 8E 29 8E 29 8E 29
8E 29 8E 29 8E 29 8E 29 8E 29 8E 29 8E 29 8E 29
00 00 4C 29 02 E0 01 88 02 E0 02 E0 02 E0 02 E0
02 E0 02 E0 02 E0 02 E0 02 E0 02 E0 02 E0 02 E0
02 E0 02 E0 02 E0 02 E0 02 E0 02 E0 02 E0 02 E0
02 E0 02 E0 02 E0 02 E0 00 00 02 E0 8E 29 00 00
AD 29 8E 29 00 00 00 00 00 00 00 00 00 00 00 00
00 00 00 00 00 00 00 00 00 00 00 00 00 00 00 00
00 00 00 00 00 00 00 00 00 00 00 00 00 00 00 00
00 00 00 00 00 00 00 00 00 00 00 00 00 00 00 00
00 00 00 00 00 00 00 00 00 00 00 00 00 00 00 00
00 00 00 00 00 00 00 00 00 00 00 00 00 00 00 00
00 00 00 00 00 00 00 00 00 00 00 00 00 00 00 00
00 00 00 00 00 00 00 00 8E 29 8E 21 8E 29 8E 29
8E 29 8E 29 8E 29 8E 29 00 00 00 00 00 00 00 00
8E 29 8E 21 8E 29 8E 29 8E 29 8E 29 8E 29 8E 29
8E 29 8E 29 8E 29 8E 29 8E 29 8E 29 8E 29 8E 29
8E 29 8E 29 8E 29 8E 29 8E 29 8E 29 8E 29 8E 29
00 00 00 00 02 E0 01 88 02 E0 02 E0 02 E0 02 E0
02 E0 02 E0 02 E0 02 E0 02 E0 02 E0 02 E0 02 E0
02 E0 02 E0 02 E0 02 E0 02 E0 02 E0 02 E0 02 E0
02 E0 02 E0 02 E0 02 E0 00 00 00 50 8E 29 00 00
8E 21 8E 29 00 00 00 00 00 00 00 00 00 00 00 00
00 00 00 00 00 00 00 00 00 00 00 00 00 00 00 00
00 00 00 00 00 00 00 00 00 00 00 00 00 00 00 00
00 00 00 00 00 00 00 00 00 00 00 00 00 00 00 00
00 00 00 00 00 00 00 00 00 00 00 00 00 00 00 00
00 00 00 00 00 00 00 00 00 00 00 00 00 00 00 00
00 00 00 00 00 00 00 00 00 00 00 00 00 00 00 00
00 00 00 00 00 00 00 00 8E 29 8E 21 8E 29 8E 29
8E 29 8E 29 8E 29 8E 29 00 00 00 00 00 00 00 00
8E 29 8E 21 8E 29 8E 29 8E 29 8E 29 8E 29 8E 29
8E 29 8E 29 8E 29 8E 29 8E 29 8E 29 8E 29 8E 29
8E 29 8E 29 8E 29 8E 29 8E 29 8E 29 8E 29 8E 29
00 00 00 00 02 E0 01 88 02 E0 02 E0 02 E0 02 E0
02 E0 02 E0 02 E0 02 E0 02 E0 02 E0 02 E0 02 E0
02 E0 02 E0 02 E0 02 E0 02 E0 02 E0 02 E0 02 E0
02 E0 02 E0 02 E0 02 E0 00 00 00 00 8E 29 00 00
8E 29 8E 29 00 00 00 00 00 00 00 00 00 00 00 00
00 00 00 00 00 00 00 00 00 00 00 00 00 00 00 00
00 00 00 00 00 00 00 00 00 00 00 00 00 00 00 00
00 00 00 00 00 00 00 00 00 00 00 00 00 00 00 00
00 00 00 00 00 00 00 00 00 00 00 00 00 00 00 00
00 00 00 00 00 00 00 00 00 00 00 00 00 00 00 00
00 00 00 00 00 00 00 00 00 00 00 00 00 00 00 00
00 00 00 00 89 19 00 00 8E 29 8E 29 8E 29 8E 29
8E 29 8E 29 8E 29 8E 29 00 00 00 00 00 00 00 00
8E 29 8E 21 8E 29 8E 29 8E 29 8E 29 8E 29 8E 29
8E 29 8E 29 8E 29 8E 29 8E 29 8E 29 8E 29 8E 29
8E 29 8E 29 8E 29 8E 29 8E 29 8E 29 8E 21 8E 29
00 00 00 00 02 E0 01 88 02 E0 02 E0 02 E0 02 E0
02 E0 02 E0 02 E0 02 E0 02 E0 02 E0 02 E0 02 E0
02 E0 02 E0 02 E0 02 E0 02 E0 02 E0 02 E0 02 E0
02 E0 02 E0 02 E0 02 E0 00 00 00 00 8E 29 00 00
8E 29 8E 29 00 00 AE 29 00 00 00 00 00 00 00 00
00 00 00 00 00 00 00 00 00 00 00 00 00 00 00 00
00 00 00 00 00 00 00 00 00 00 00 00 00 00 00 00
00 00 00 00 00 00 00 00 00 00 00 00 00 00 00 00
00 00 00 00 00 00 00 00 00 00 00 00 00 00 00 00
00 00 00 00 00 00 00 00 00 00 00 00 00 00 00 00
00 00 00 00 00 00 00 00 00 00 00 00 00 00 00 00
00 00 00 00 8E 21 00 00 8E 29 8E 29 8E 29 8E 29
8E 29 8E 29 8E 29 8E 29 00 00 00 00 00 00 00 00
8E 29 8E 21 8E 29 8E 29 8E 29 8E 29 8E 29 8E 29
8E 29 8E 29 8E 29 8E 29 8E 29 8E 29 8E 29 8E 29
8E 29 8E 29 8E 29 8E 29 8E 29 8E 29 8E 29 8E 29
00 00 00 00 02 E0 01 88 02 E0 02 E0 02 E0 02 E0
02 E0 02 E0 02 E0 02 E0 02 E0 02 E0 02 E0 02 E0
02 E0 02 E0 02 E0 02 E0 02 E0 02 E0 02 E0 02 E0
02 E0 02 E0 02 E0 02 E0 00 00 00 00 8E 29 00 00
8E 29 8E 29 00 00 8E 21 00 00 00 00 00 00 00 00
00 00 00 00 00 00 00 00 00 00 00 00 00 00 00 00
00 00 00 00 00 00 00 00 00 00 00 00 00 00 00 00
00 00 00 00 00 00 00 00 00 00 00 00 00 00 00 00
00 00 00 00 00 00 00 00 00 00 00 00 00 00 00 00
00 00 00 00 00 00 00 00 00 00 00 00 00 00 00 00
00 00 00 00 00 00 00 00 00 00 00 00 00 00 00 00
00 00 00 00 8E 29 00 00 8E 29 8E 29 8E 29 8E 29
8E 29 8E 29 8E 29 8E 29 00 00 00 00 00 00 00 00
8E 29 8E 21 8E 29 8E 29 8E 29 8E 29 8E 29 8E 29
8E 29 8E 29 8E 29 8E 29 8E 29 8E 29 8E 29 8E 29
8E 29 8E 29 8E 29 8E 29 8E 29 8E 29 04 00 8E 29
00 00 00 00 02 E0 01 88 02 E0 02 E0 02 E0 02 E0
02 E0 02 E0 02 E0 02 E0 02 E0 02 E0 02 E0 02 E0
02 E0 02 E0 02 E0 02 E0 02 E0 02 E0 02 E0 02 E0
02 E0 02 E0 01 E0 02 E0 00 00 00 00 8E 29 00 00
8E 29 8E 29 00 00 8E 29 00 00 00 00 00 00 00 00
00 00 00 00 00 00 00 00 00 00 00 00 00 00 00 00
00 00 00 00 00 00 00 00 00 00 00 00 00 00 00 00
00 00 00 00 00 00 00 00 00 00 00 00 00 00 00 00
00 00 00 00 00 00 00 00 00 00 00 00 00 00 00 00
00 00 00 00 00 00 00 00 00 00 00 00 00 00 00 00
00 00 00 00 00 00 00 00 00 00 00 00 00 00 00 00
00 00 00 00 8E 29 00 00 8E 29 8E 29 8E 29 8E 29
8E 29 8E 29 8E 29 8E 29 00 00 00 00 00 00 00 00
8E 29 8E 21 8E 29 8E 29 8E 29 8E 29 8E 29 8E 29
8E 29 8E 29 8E 29 8E 29 8E 29 8E 29 8E 29 8E 29
8E 29 8E 29 8E 29 8E 29 8E 29 8E 29 00 00 8E 29
00 00 00 00 02 E0 01 88 02 E0 02 E0 02 E0 02 E0
02 E0 02 E0 02 E0 02 E0 02 E0 02 E0 02 E0 02 E0
02 E0 02 E0 02 E0 02 E0 02 E0 02 E0 02 E0 02 E0
02 E0 02 E0 00 50 02 E0 00 00 00 00 8E 29 00 00
8E 29 8E 29 AD 29 8E 29 00 00 00 00 00 00 00 00
00 00 00 00 00 00 00 00 00 00 00 00 00 00 00 00
00 00 00 00 00 00 00 00 00 00 00 00 00 00 00 00
00 00 00 00 00 00 00 00 00 00 00 00 00 00 00 00
00 00 00 00 00 00 00 00 00 00 00 00 00 00 00 00
00 00 00 00 00 00 00 00 00 00 00 00 00 00 00 00
00 00 00 00 00 00 00 00 00 00 00 00 00 00 00 00
00 00 00 00 8E 29 0E 11 8E 29 8E 29 8E 29 8E 29
8E 29 8E 29 8E 29 8E 29 00 00 00 00 00 00 00 00
8E 29 8E 21 8E 29 8E 29 8E 29 8E 29 8E 21 8E 21
8E 21 8E 21 8E 21 8E 21 8E 21 8E 21 8E 21 8E 21
8E 21 8E 21 8E 21 8E 21 6E 21 8E 29 00 00 8E 21
00 00 00 00 02 E0 01 88 02 E0 02 E0 02 E0 02 E0
02 E0 02 E0 02 E0 02 E0 02 E0 02 E0 02 E0 02 E0
02 E0 02 E0 02 E0 02 E0 02 E0 02 E0 02 E0 02 E0
02 E0 02 E0 00 00 02 E0 00 00 00 00 8E 29 00 00
8E 29 8E 29 8E 21 8E 29 00 00 00 00 00 00 00 00
00 00 00 00 00 00 00 00 00 00 00 00 00 00 00 00
00 00 00 00 00 00 00 00 00 00 00 00 00 00 00 00
00 00 00 00 00 00 00 00 00 00 00 00 00 00 00 00
00 00 00 00 00 00 00 00 00 00 00 00 00 00 00 00
00 00 00 00 00 00 00 00 00 00 00 00 00 00 00 00
00 00 00 00 00 00 00 00 00 00 00 00 00 00 00 00
00 00 00 00 8E 29 8E 21 8E 29 8E 29 8E 29 8E 29
8E 29 8E 29 8E 29 8E 29 00 00 00 00 00 00 00 00
8E 29 8E 21 8E 29 8E 29 8E 29 8E 29 00 00 00 00
00 00 00 00 00 00 00 00 00 00 00 00 00 00 00 00
00 00 00 00 00 00 00 00 00 00 00 00 00 00 00 00
00 00 00 00 02 E0 01 88 02 E0 02 E0 02 E0 02 E0
00 00 00 00 00 00 00 00 00 00 00 00 00 00 00 00
00 00 00 00 00 00 00 00 00 00 00 00 00 00 00 00
00 00 00 00 00 00 00 00 00 00 00 00 8E 29 00 00
8E 29 8E 29 8E 29 8E 29 00 00 00 00 00 00 00 00
00 00 00 00 00 00 00 00 00 00 00 00 00 00 00 00
00 00 00 00 00 00 00 00 00 00 00 00 00 00 00 00
00 00 00 00 00 00 00 00 00 00 00 00 00 00 00 00
00 00 00 00 00 00 00 00 00 00 00 00 00 00 00 00
00 00 00 00 00 00 00 00 00 00 00 00 00 00 00 00
00 00 00 00 00 00 00 00 00 00 00 00 00 00 00 00
00 00 00 00 8E 29 8E 29 8E 29 8E 29 8E 29 8E 29
8E 29 8E 29 8E 29 8E 29 00 00 00 00 00 00 00 00
8E 29 8E 21 8E 29 8E 29 8E 29 8E 29 00 00 00 00
00 00 00 00 00 00 00 00 00 00 00 00 00 00 00 00
00 00 00 00 00 00 00 00 00 00 00 00 00 00 00 00
00 00 00 00 02 E0 01 88 02 E0 02 E0 02 E0 02 E0
00 00 00 00 00 00 00 00 00 00 00 00 00 00 00 00
00 00 00 00 00 00 00 00 00 00 00 00 00 00 00 00
00 00 00 00 00 00 00 00 00 00 00 00 8E 29 00 00
8E 29 8E 29 8E 29 8E 29 00 00 CF 10 00 00 00 00
00 00 00 00 00 00 00 00 00 00 00 00 00 00 00 00
00 00 00 00 00 00 00 00 00 00 00 00 00 00 00 00
00 00 00 00 00 00 00 00 00 00 00 00 00 00 00 00
00 00 00 00 00 00 00 00 00 00 00 00 00 00 00 00
00 00 00 00 00 00 00 00 00 00 00 00 00 00 00 00
00 00 00 00 00 00 00 00 00 00 00 00 00 00 00 00
08 42 00 00 8E 29 8E 29 8E 29 8E 29 8E 29 8E 29
8E 29 8E 29 8E 29 8E 29 00 00 00 00 00 00 00 00
8E 29 8E 21 8E 29 8E 29 8E 29 8E 29 00 00 00 00
00 00 00 00 00 00 00 00 00 00 00 00 00 00 00 00
00 00 00 00 00 00 00 00 00 00 00 00 00 00 00 00
00 00 00 00 02 E0 01 88 02 E0 02 E0 02 E0 02 E0
00 00 00 00 00 00 00 00 00 00 00 00 00 00 00 00
00 00 00 00 00 00 00 00 00 00 00 00 00 00 00 00
00 00 00 00 00 00 00 00 00 00 00 00 8E 29 00 00
8E 29 8E 29 8E 29 8E 29 00 00 8E 29 00 00 00 00
00 00 00 00 00 00 00 00 00 00 00 00 00 00 00 00
00 00 00 00 00 00 00 00 00 00 00 00 00 00 00 00
00 00 00 00 00 00 00 00 00 00 00 00 00 00 00 00
00 00 00 00 00 00 00 00 00 00 00 00 00 00 00 00
00 00 00 00 00 00 00 00 00 00 00 00 00 00 00 00
00 00 00 00 00 00 00 00 00 00 00 00 00 00 00 00
6E 29 00 00 8E 29 8E 29 8E 29 8E 29 8E 29 8E 29
8E 29 8E 29 8E 29 8E 29 00 00 00 00 00 00 00 00
8E 29 8E 21 8E 29 8E 29 8E 29 8E 29 00 00 00 00
00 00 00 00 00 00 00 00 00 00 00 00 00 00 00 00
00 00 00 00 00 00 00 00 00 00 00 00 00 00 00 00
00 00 00 00 02 E0 01 88 02 E0 02 E0 02 E0 02 E0
00 00 00 00 00 00 00 00 00 00 00 00 00 00 00 00
00 00 00 00 00 00 00 00 00 00 00 00 00 00 00 00
00 00 00 00 00 00 00 00 00 00 00 00 8E 29 00 00
8E 29 8E 29 8E 29 8E 29 00 00 8E 29 00 00 00 00
00 00 00 00 00 00 00 00 00 00 00 00 00 00 00 00
00 00 00 00 00 00 00 00 00 00 00 00 00 00 00 00
00 00 00 00 00 00 00 00 00 00 00 00 00 00 00 00
00 00 00 00 00 00 00 00 00 00 00 00 00 00 00 00
00 00 00 00 00 00 00 00 00 00 00 00 00 00 00 00
00 00 00 00 00 00 00 00 00 00 00 00 00 00 00 00
8E 21 00 00 8E 29 8E 29 8E 29 8E 29 8E 29 8E 29
8E 29 8E 29 8E 29 8E 29 00 00 00 00 00 00 00 00
8E 29 8E 21 8E 29 8E 29 8E 29 8E 29 00 00 00 00
00 00 00 00 00 00 00 00 00 00 00 00 00 00 00 00
00 00 00 00 00 00 00 00 00 00 00 00 00 00 00 00
00 00 00 00 02 E0 01 88 02 E0 02 E0 02 E0 02 E0
00 00 00 00 00 00 00 00 00 00 00 00 00 00 00 00
00 00 00 00 00 00 00 00 00 00 00 00 00 00 00 00
00 00 00 00 00 00 00 00 00 00 00 00 8E 29 00 00
8E 29 8E 29 8E 29 8E 29 00 00 8E 29 00 00 00 00
00 00 00 00 00 00 00 00 00 00 00 00 00 00 00 00
00 00 00 00 00 00 00 00 00 00 00 00 00 00 00 00
00 00 00 00 00 00 00 00 00 00 00 00 00 00 00 00
00 00 00 00 00 00 00 00 00 00 00 00 00 00 00 00
00 00 00 00 00 00 00 00 00 00 00 00 00 00 00 00
00 00 00 00 00 00 00 00 00 00 00 00 00 00 00 00
8E 29 00 00 8E 29 8E 29 8E 29 8E 29 8E 29 8E 29
8E 29 8E 29 8E 29 8E 29 00 00 00 00 00 00 00 00
8E 29 8E 21 8E 29 8E 29 8E 29 8E 29 00 00 00 00
00 00 00 00 00 00 00 00 00 00 00 00 00 00 00 00
00 00 00 00 00 00 00 00 00 00 00 00 00 00 00 00
00 00 00 00 02 E0 01 88 02 E0 02 E0 02 E0 02 E0
00 00 00 00 00 00 00 00 00 00 00 00 00 00 00 00
00 00 00 00 00 00 00 00 00 00 00 00 00 00 00 00
00 00 00 00 00 00 00 00 00 00 00 00 8E 29 00 00
8E 29 8E 29 8E 29 8E 29 00 00 8E 29 00 00 00 00
00 00 00 00 00 00 00 00 00 00 00 00 00 00 00 00
00 00 00 00 00 00 00 00 00 00 00 00 00 00 00 00
00 00 00 00 00 00 00 00 00 00 00 00 00 00 00 00
00 00 00 00 00 00 00 00 00 00 00 00 00 00 00 00
00 00 00 00 00 00 00 00 00 00 00 00 00 00 00 00
00 00 00 00 00 00 00 00 00 00 00 00 00 00 00 00
8E 29 CE 21 8E 29 8E 29 8E 29 8E 29 8E 29 8E 29
8E 29 8E 29 8E 29 8E 29 00 00 00 00 00 00 00 00
8E 29 8E 21 8E 29 8E 29 8E 29 8E 29 00 00 00 00
00 00 00 00 00 00 00 00 00 00 00 00 00 00 00 00
00 00 00 00 00 00 00 00 00 00 00 00 00 00 00 00
00 00 00 00 02 E0 01 88 02 E0 02 E0 02 E0 02 E0
00 00 00 00 00 00 00 00 00 00 00 00 00 00 00 00
00 00 00 00 00 00 00 00 00 00 00 00 00 00 00 00
00 00 00 00 00 00 00 00 00 00 00 00 8E 29 00 00
8E 29 8E 29 8E 29 8E 29 00 00 8E 29 00 00 00 00
00 00 00 00 00 00 00 00 00 00 00 00 00 00 00 00
00 00 00 00 00 00 00 00 00 00 00 00 00 00 00 00
00 00 00 00 00 00 00 00 00 00 00 00 00 00 00 00
00 00 00 00 00 00 00 00 00 00 00 00 00 00 00 00
00 00 00 00 00 00 00 00 00 00 00 00 00 00 00 00
00 00 00 00 00 00 00 00 00 00 00 00 00 00 00 00
8E 29 8E 21 8E 29 8E 29 8E 29 8E 29 8E 29 8E 29
8E 29 8E 29 8E 29 8E 29 00 00 00 00 00 00 00 00
8E 29 8E 21 8E 29 8E 29 8E 29 8E 29 00 00 00 00
00 00 00 00 00 00 00 00 00 00 00 00 00 00 00 00
00 00 00 00 00 00 00 00 00 00 00 00 00 00 00 00
00 00 00 00 02 E0 01 88 02 E0 02 E0 02 E0 02 E0
00 00 00 00 00 00 00 00 00 00 00 00 00 00 00 00
00 00 00 00 00 00 00 00 00 00 00 00 00 00 00 00
00 00 00 00 00 00 00 00 00 00 00 00 8E 29 00 00
8E 29 8E 29 8E 29 8E 29 00 00 8E 29 00 00 00 00
00 00 00 00 00 00 00 00 00 00 00 00 00 00 00 00
00 00 00 00 00 00 00 00 00 00 00 00 00 00 00 00
00 00 00 00 00 00 00 00 00 00 00 00 00 00 00 00
00 00 00 00 00 00 00 00 00 00 00 00 00 00 00 00
00 00 00 00 00 00 00 00 00 00 00 00 00 00 00 00
00 00 00 00 00 00 00 00 00 00 00 00 00 00 00 00
8E 29 8E 29 8E 29 8E 29 8E 29 8E 29 8E 29 6D 21
8E 29 8E 29 8E 29 8E 29 00 00 00 00 00 00 00 00
8E 29 8E 21 8E 29 8E 29 8E 29 8E 29 00 00 00 00
00 00 00 00 00 00 00 00 00 00 00 00 00 00 00 00
00 00 00 00 00 00 00 00 00 00 00 00 00 00 00 00
00 00 00 00 02 E0 01 88 02 E0 02 E0 02 E0 02 E0
00 00 00 00 00 00 00 00 00 00 00 00 00 00 00 00
00 00 00 00 00 00 00 00 00 00 00 00 00 00 00 00
00 00 00 00 00 00 00 00 00 00 00 00 8E 29 00 00
8E 29 8E 29 8E 29 8E 29 00 00 8E 29 00 00 00 00
00 00 00 00 00 00 00 00 00 00 00 00 00 00 00 00
00 00 00 00 00 00 00 00 00 00 00 00 00 00 00 00
00 00 00 00 00 00 00 00 00 00 00 00 00 00 00 00
00 00 00 00 00 00 00 00 00 00 00 00 00 00 00 00
00 00 00 00 00 00 00 00 00 00 00 00 00 00 00 00
00 00 00 00 00 00 00 00 00 00 00 00 4A 19 00 00
8E 29 8E 29 8E 29 8E 29 8E 29 8E 29 8E 29 8E 21
8E 29 8E 29 8E 29 8E 29 00 00 00 00 00 00 00 00
8E 29 8E 21 8E 29 8E 29 8E 29 8E 29 00 00 00 00
00 00 00 00 00 00 00 00 00 00 00 00 00 00 00 00
00 00 00 00 00 00 00 00 00 00 00 00 00 00 00 00
00 00 00 00 02 E0 01 88 02 E0 02 E0 02 E0 02 E0
00 00 00 00 00 00 00 00 00 00 00 00 00 00 00 00
00 00 00 00 00 00 00 00 00 00 00 00 00 00 00 00
00 00 00 00 00 00 00 00 00 00 00 00 8E 29 00 00
8E 29 8E 29 8E 29 8E 29 00 00 8E 29 00 00 00 00
00 00 00 00 00 00 00 00 00 00 00 00 00 00 00 00
00 00 00 00 00 00 00 00 00 00 00 00 00 00 00 00
00 00 00 00 00 00 00 00 00 00 00 00 00 00 00 00
00 00 00 00 00 00 00 00 00 00 00 00 00 00 00 00
00 00 00 00 00 00 00 00 00 00 00 00 00 00 00 00
00 00 00 00 00 00 00 00 00 00 00 00 8E 21 00 00
8E 29 8E 29 8E 29 8E 29 8E 29 8E 29 8E 29 C9 18
8E 29 8E 29 8E 29 8E 29 00 00 00 00 00 00 00 00
8E 29 8E 21 8E 29 8E 29 8E 29 8E 29 00 00 00 00
00 00 00 00 00 00 00 00 00 00 00 00 00 00 00 00
00 00 00 00 00 00 00 00 00 00 00 00 00 00 00 00
00 00 00 00 02 E0 01 88 02 E0 02 E0 02 E0 02 E0
00 00 00 00 00 00 00 00 00 00 00 00 00 00 00 00
00 00 00 00 00 00 00 00 00 00 00 00 00 00 00 00
00 00 00 00 00 00 00 00 00 00 00 00 8E 29 00 00
8E 29 8E 29 8E 29 8E 29 00 00 8E 29 00 00 00 00
00 00 00 00 00 00 00 00 00 00 00 00 00 00 00 00
00 00 00 00 00 00 00 00 00 00 00 00 00 00 00 00
00 00 00 00 00 00 00 00 00 00 00 00 00 00 00 00
00 00 00 00 00 00 00 00 00 00 00 00 00 00 00 00
00 00 00 00 00 00 00 00 00 00 00 00 00 00 00 00
00 00 00 00 00 00 00 00 00 00 00 00 8E 29 00 00
8E 29 8E 29 8E 29 8E 29 8E 21 8E 29 8E 29 C9 18
8E 29 8E 29 8E 29 8E 29 00 00 00 00 00 00 00 00
8E 29 8E 21 8E 29 8E 29 8E 29 8E 29 00 00 00 00
00 00 00 00 00 00 00 00 00 00 00 00 00 00 00 00
00 00 00 00 00 00 00 00 00 00 00 00 00 00 00 00
00 00 00 00 02 E0 01 88 02 E0 02 E0 02 E0 02 E0
00 00 00 00 00 00 00 00 00 00 00 00 00 00 00 00
00 00 00 00 00 00 00 00 00 00 00 00 00 00 00 00
00 00 00 00 00 00 00 00 00 00 00 00 8E 29 00 00
8E 29 8E 29 8E 29 8E 29 00 00 8E 29 00 00 00 00
00 00 00 00 00 00 00 00 00 00 00 00 00 00 00 00
00 00 00 00 00 00 00 00 00 00 00 00 00 00 00 00
00 00 00 00 00 00 00 00 00 00 00 00 00 00 00 00
00 00 00 00 00 00 00 00 00 00 00 00 00 00 00 00
00 00 00 00 00 00 00 00 00 00 00 00 00 00 00 00
00 00 00 00 00 00 00 00 00 00 00 00 8E 29 00 00
8E 29 8E 29 8E 29 8E 29 8E 29 8E 29 8E 29 C9 18
8E 29 8E 29 8E 29 8E 29 00 00 00 00 00 00 00 00
8E 29 8E 21 8E 29 8E 29 8E 29 8E 29 00 00 00 00
00 00 00 00 00 00 00 00 00 00 00 00 00 00 00 00
00 00 00 00 00 00 00 00 00 00 00 00 00 00 00 00
00 00 00 00 02 E0 01 88 02 E0 02 E0 02 E0 02 E0
00 00 00 00 00 00 00 00 00 00 00 00 00 00 00 00
00 00 00 00 00 00 00 00 00 00 00 00 00 00 00 00
00 00 00 00 00 00 00 00 00 00 00 00 8E 29 00 00
8E 29 8E 29 8E 29 8E 29 00 00 8E 29 00 00 00 00
00 00 00 00 00 00 00 00 00 00 00 00 00 00 00 00
00 00 00 00 00 00 00 00 00 00 00 00 00 00 00 00
00 00 00 00 00 00 00 00 00 00 00 00 00 00 00 00
00 00 00 00 00 00 00 00 00 00 00 00 00 00 00 00
00 00 00 00 00 00 00 00 00 00 00 00 00 00 00 00
00 00 00 00 00 00 00 00 00 00 00 00 8E 29 8E 21
8E 29 8E 29 8E 29 8E 29 84 10 8E 29 8E 29 C9 18
8E 29 8E 29 8E 29 8E 29 00 00 00 00 00 00 00 00
8E 29 8E 21 8E 29 8E 29 8E 29 8E 29 00 00 00 00
00 00 00 00 00 00 00 00 00 00 00 00 00 00 00 00
00 00 00 00 00 00 00 00 00 00 00 00 00 00 00 00
00 00 00 00 02 E0 01 88 02 E0 02 E0 02 E0 02 E0
00 00 00 00 00 00 00 00 00 00 00 00 00 00 00 00
00 00 00 00 00 00 00 00 00 00 00 00 00 00 00 00
00 00 00 00 00 00 00 00 00 00 00 00 8E 29 00 00
8E 29 8E 29 8E 29 8E 29 00 00 8E 29 00 00 00 00
00 00 00 00 00 00 00 00 00 00 00 00 00 00 00 00
00 00 00 00 00 00 00 00 00 00 00 00 00 00 00 00
00 00 00 00 00 00 00 00 00 00 00 00 00 00 00 00
00 00 00 00 00 00 00 00 00 00 00 00 00 00 00 00
00 00 00 00 00 00 00 00 00 00 00 00 00 00 00 00
00 00 00 00 00 00 00 00 00 00 00 00 8E 29 8E 21
8E 29 8E 29 8E 29 8E 29 00 00 8E 29 8E 29 C9 18
8E 29 8E 29 8E 29 8E 29 00 00 00 00 00 00 00 00
8E 29 8E 21 8E 29 8E 29 8E 29 8E 29 00 00 00 00
00 00 00 00 00 00 00 00 00 00 00 00 00 00 00 00
00 00 00 00 00 00 00 00 00 00 00 00 00 00 00 00
00 00 00 00 02 E0 01 88 02 E0 02 E0 02 E0 02 E0
00 00 00 00 00 00 00 00 00 00 00 00 00 00 00 00
00 00 00 00 00 00 00 00 00 00 00 00 00 00 00 00
00 00 00 00 00 00 00 00 00 00 00 00 8E 29 00 00
8E 29 8E 29 8E 29 8E 29 00 00 8E 29 00 00 00 00
00 00 00 00 00 00 00 00 00 00 00 00 00 00 00 00
00 00 00 00 00 00 00 00 00 00 00 00 00 00 00 00
00 00 00 00 00 00 00 00 00 00 00 00 00 00 00 00
00 00 00 00 00 00 00 00 00 00 00 00 00 00 00 00
00 00 00 00 00 00 00 00 00 00 00 00 00 00 00 00
00 00 00 00 00 00 00 00 00 00 00 00 8E 29 8E 29
8E 29 8E 29 8E 29 8E 29 00 00 8E 21 8E 29 C9 18
8E 29 8E 29 8E 29 8E 29 00 00 00 00 00 00 00 00
8E 29 8E 21 8E 29 8E 29 8E 29 8E 29 00 00 00 00
00 00 00 00 00 00 00 00 00 00 00 00 00 00 00 00
00 00 00 00 00 00 00 00 00 00 00 00 00 00 00 00
00 00 00 00 02 E0 01 88 02 E0 02 E0 02 E0 02 E0
00 00 00 00 00 00 00 00 00 00 00 00 00 00 00 00
00 00 00 00 00 00 00 00 00 00 00 00 00 00 00 00
00 00 00 00 00 00 00 00 00 00 00 00 8E 29 00 00
8E 29 8E 29 8E 29 8E 29 00 00 8E 29 00 00 00 00
00 00 00 00 00 00 00 00 00 00 00 00 00 00 00 00
00 00 00 00 00 00 00 00 00 00 00 00 00 00 00 00
00 00 00 00 00 00 00 00 00 00 00 00 00 00 00 00
00 00 00 00 00 00 00 00 00 00 00 00 00 00 00 00
00 00 00 00 00 00 00 00 00 00 00 00 00 00 00 00
00 00 00 00 00 00 00 00 29 11 00 00 8E 29 8E 29
8E 29 8E 29 8E 29 8E 29 00 00 8E 29 8E 29 C9 18
8E 29 8E 29 8E 29 8E 29 00 00 00 00 00 00 00 00
8E 29 8E 21 8E 29 8E 29 8E 29 8E 29 00 00 00 00
00 00 00 00 00 00 00 00 00 00 00 00 00 00 00 00
00 00 00 00 00 00 00 00 00 00 00 00 00 00 00 00
00 00 00 00 02 E0 01 88 02 E0 02 E0 02 E0 02 E0
00 00 00 00 00 00 00 00 00 00 00 00 00 00 00 00
00 00 00 00 00 00 00 00 00 00 00 00 00 00 00 00
00 00 00 00 00 00 00 00 00 00 00 00 8E 29 00 00
8E 29 8E 29 8E 29 8E 29 00 00 8E 29 00 00 00 00
00 00 00 00 00 00 00 00 00 00 00 00 00 00 00 00
00 00 00 00 00 00 00 00 00 00 00 00 00 00 00 00
00 00 00 00 00 00 00 00 00 00 00 00 00 00 00 00
00 00 00 00 00 00 00 00 00 00 00 00 00 00 00 00
00 00 00 00 00 00 00 00 00 00 00 00 00 00 00 00
00 00 00 00 00 00 00 00 8E 21 00 00 8E 29 8E 29
8E 29 8E 29 8E 29 8E 29 00 00 00 00 8E 29 C9 18
8E 29 8E 29 8E 29 8E 29 00 00 00 00 00 00 00 00
8E 29 8E 21 8E 29 8E 29 8E 29 8E 29 00 00 00 00
00 00 00 00 00 00 00 00 00 00 00 00 00 00 00 00
00 00 00 00 00 00 00 00 00 00 00 00 00 00 00 00
00 00 00 00 02 E0 01 88 02 E0 02 E0 02 E0 02 E0
00 00 00 00 00 00 00 00 00 00 00 00 00 00 00 00
00 00 00 00 00 00 00 00 00 00 00 00 00 00 00 00
00 00 00 00 00 00 00 00 00 00 00 00 8E 29 00 00
8E 29 8E 29 8E 29 8E 29 00 00 8E 29 00 00 00 00
00 00 00 00 00 00 00 00 00 00 00 00 00 00 00 00
00 00 00 00 00 00 00 00 00 00 00 00 00 00 00 00
00 00 00 00 00 00 00 00 00 00 00 00 00 00 00 00
00 00 00 00 00 00 00 00 00 00 00 00 00 00 00 00
00 00 00 00 00 00 00 00 00 00 00 00 00 00 00 00
00 00 00 00 00 00 00 00 8E 29 00 00 8E 29 8E 29
8E 29 8E 29 8E 29 8E 29 00 00 00 00 8E 29 C9 18
8E 29 8E 29 8E 29 8E 29 00 00 00 00 00 00 00 00
8E 29 8E 21 8E 29 8E 29 8E 29 8E 29 00 00 00 00
00 00 00 00 00 00 00 00 00 00 00 00 00 00 00 00
00 00 00 00 00 00 00 00 00 00 00 00 00 00 00 00
00 00 00 00 02 E0 01 88 02 E0 02 E0 02 E0 02 E0
00 00 00 00 00 00 00 00 00 00 00 00 00 00 00 00
00 00 00 00 00 00 00 00 00 00 00 00 00 00 00 00
00 00 00 00 00 00 00 00 00 00 00 00 8E 29 00 00
8E 29 8E 29 8E 29 8E 29 00 00 8E 29 00 00 00 00
00 00 00 00 00 00 00 00 00 00 00 00 00 00 00 00
00 00 00 00 00 00 00 00 00 00 00 00 00 00 00 00
00 00 00 00 00 00 00 00 00 00 00 00 00 00 00 00
00 00 00 00 00 00 00 00 00 00 00 00 00 00 00 00
00 00 00 00 00 00 00 00 00 00 00 00 00 00 00 00
00 00 00 00 00 00 00 00 8E 29 00 00 8E 29 8E 29
8E 29 8E 29 8E 29 8E 29 00 00 00 00 8E 29 C9 18
8E 29 8E 29 8E 29 8E 29 00 00 00 00 00 00 00 00
8E 29 8E 21 8E 29 8E 29 8E 29 8E 29 00 00 00 00
00 00 00 00 00 00 00 00 00 00 00 00 00 00 00 00
00 00 00 00 00 00 00 00 00 00 00 00 00 00 00 00
00 00 00 00 02 E0 01 88 02 E0 02 E0 02 E0 02 E0
00 00 00 00 00 00 00 00 00 00 00 00 00 00 00 00
00 00 00 00 00 00 00 00 00 00 00 00 00 00 00 00
00 00 00 00 00 00 00 00 00 00 00 00 8E 29 00 00
8E 29 8E 29 8E 29 8E 29 00 00 8E 29 00 00 00 00
00 00 00 00 00 00 00 00 00 00 00 00 00 00 00 00
00 00 00 00 00 00 00 00 00 00 00 00 00 00 00 00
00 00 00 00 00 00 00 00 00 00 00 00 00 00 00 00
00 00 00 00 00 00 00 00 00 00 00 00 00 00 00 00
00 00 00 00 00 00 00 00 00 00 00 00 00 00 00 00
00 00 00 00 00 00 00 00 8E 29 AE 29 8E 29 8E 29
8E 29 8E 29 06 00 8E 29 00 00 00 00 8E 29 C9 18
8E 29 8E 29 8E 29 8E 29 00 00 00 00 00 00 00 00
8E 29 8E 21 8E 29 8E 29 8E 29 8E 29 00 00 00 00
00 00 00 00 00 00 00 00 00 00 00 00 00 00 00 00
00 00 00 00 00 00 00 00 00 00 00 00 00 00 00 00
00 00 00 00 02 E0 01 88 02 E0 02 E0 02 E0 02 E0
00 00 00 00 00 00 00 00 00 00 00 00 00 00 00 00
00 00 00 00 00 00 00 00 00 00 00 00 00 00 00 00
00 00 00 00 00 00 00 00 00 00 00 00 8E 29 00 00
8E 29 8E 29 8E 29 8E 29 00 00 8E 29 00 00 00 00
00 00 00 00 00 00 00 00 00 00 00 00 00 00 00 00
00 00 00 00 00 00 00 00 00 00 00 00 00 00 00 00
00 00 00 00 00 00 00 00 00 00 00 00 00 00 00 00
00 00 00 00 00 00 00 00 00 00 00 00 00 00 00 00
00 00 00 00 00 00 00 00 00 00 00 00 00 00 00 00
00 00 00 00 00 00 00 00 8E 29 8E 29 8E 29 8E 29
8E 29 8E 29 00 00 8E 29 00 00 00 00 8E 29 C9 18
8E 29 8E 29 8E 29 8E 29 00 00 00 00 00 00 00 00
8E 29 8E 21 8E 29 8E 29 8E 29 8E 29 00 00 00 00
00 00 00 00 00 00 00 00 00 00 00 00 00 00 00 00
00 00 00 00 00 00 00 00 00 00 00 00 00 00 00 00
00 00 00 00 02 E0 01 88 02 E0 02 E0 02 E0 02 E0
00 00 00 00 00 00 00 00 00 00 00 00 00 00 00 00
00 00 00 00 00 00 00 00 00 00 00 00 00 00 00 00
00 00 00 00 00 00 00 00 00 00 00 00 8E 29 00 00
8E 29 8E 29 8E 29 8E 29 00 00 8E 29 00 00 00 00
00 00 00 00 00 00 00 00 00 00 00 00 00 00 00 00
00 00 00 00 00 00 00 00 00 00 00 00 00 00 00 00
00 00 00 00 00 00 00 00 00 00 00 00 00 00 00 00
00 00 00 00 00 00 00 00 00 00 00 00 00 00 00 00
00 00 00 00 00 00 00 00 00 00 00 00 00 00 00 00
00 00 00 00 00 00 00 00 8E 29 8E 29 8E 29 8E 29
8E 29 8E 29 00 00 8E 21 00 00 00 00 8E 29 C9 18
8E 29 8E 29 8E 29 8E 29 00 00 00 00 00 00 00 00
8E 29 8E 21 8E 29 8E 29 8E 29 8E 29 00 00 00 00
00 00 00 00 00 00 00 00 00 00 00 00 00 00 00 00
00 00 00 00 00 00 00 00 00 00 00 00 00 00 00 00
00 00 00 00 02 E0 01 88 02 E0 02 E0 02 E0 02 E0
00 00 00 00 00 00 00 00 00 00 00 00 00 00 00 00
00 00 00 00 00 00 00 00 00 00 00 00 00 00 00 00
00 00 00 00 00 00 00 00 00 00 00 00 8E 29 00 00
8E 29 8E 29 8E 29 8E 29 00 00 8E 29 00 00 00 00
00 00 00 00 00 00 00 00 00 00 00 00 00 00 00 00
00 00 00 00 00 00 00 00 00 00 00 00 00 00 00 00
00 00 00 00 00 00 00 00 00 00 00 00 00 00 00 00
00 00 00 00 00 00 00 00 00 00 00 00 00 00 00 00
00 00 00 00 00 00 00 00 00 00 00 00 00 00 00 00
00 00 00 00 8E 29 00 00 8E 29 8E 29 8E 29 8E 29
8E 29 8E 29 00 00 6D 11 00 00 00 00 8E 29 C9 18
8E 29 8E 29 8E 29 8E 29 00 00 00 00 00 00 00 00
8E 29 8E 21 8E 29 8E 29 8E 29 8E 29 00 00 00 00
00 00 00 00 00 00 00 00 00 00 00 00 00 00 00 00
00 00 00 00 00 00 00 00 00 00 00 00 00 00 00 00
00 00 00 00 02 E0 01 88 02 E0 02 E0 02 E0 02 E0
00 00 00 00 00 00 00 00 00 00 00 00 00 00 00 00
00 00 00 00 00 00 00 00 00 00 00 00 00 00 00 00
00 00 00 00 00 00 00 00 00 00 00 00 8E 29 00 00
8E 29 8E 29 8E 29 8E 29 00 00 8E 29 00 00 00 00
00 00 00 00 00 00 00 00 00 00 00 00 00 00 00 00
00 00 00 00 00 00 00 00 00 00 00 00 00 00 00 00
00 00 00 00 00 00 00 00 00 00 00 00 00 00 00 00
00 00 00 00 00 00 00 00 00 00 00 00 00 00 00 00
00 00 00 00 00 00 00 00 00 00 00 00 00 00 00 00
00 00 00 00 8E 21 00 00 8E 29 8E 29 8E 29 8E 29
8E 29 8E 29 00 00 00 00 00 00 00 00 8E 29 C9 18
8E 29 8E 29 8E 29 8E 29 00 00 00 00 00 00 00 00
8E 29 8E 21 8E 29 8E 29 8E 29 8E 29 00 00 00 00
00 00 00 00 00 00 00 00 00 00 00 00 00 00 00 00
00 00 00 00 00 00 00 00 00 00 00 00 00 00 00 00
00 00 00 00 02 E0 01 88 02 E0 02 E0 02 E0 02 E0
00 00 00 00 00 00 00 00 00 00 00 00 00 00 00 00
00 00 00 00 00 00 00 00 00 00 00 00 00 00 00 00
00 00 00 00 00 00 00 00 00 00 00 00 8E 29 00 00
8E 29 8E 29 8E 29 8E 29 00 00 8E 29 00 00 00 00
00 00 00 00 00 00 00 00 00 00 00 00 00 00 00 00
00 00 00 00 00 00 00 00 00 00 00 00 00 00 00 00
00 00 00 00 00 00 00 00 00 00 00 00 00 00 00 00
00 00 00 00 00 00 00 00 00 00 00 00 00 00 00 00
00 00 00 00 00 00 00 00 00 00 00 00 00 00 00 00
00 00 00 00 8E 29 00 00 8E 29 8E 29 8E 29 8E 29
8E 29 8E 29 00 00 00 00 00 00 00 00 8E 29 C9 18
8E 29 8E 29 8E 29 8E 29 00 00 00 00 00 00 00 00
8E 29 8E 21 8E 29 8E 29 8E 29 8E 29 00 00 00 00
00 00 00 00 00 00 00 00 00 00 00 00 00 00 00 00
00 00 00 00 00 00 00 00 00 00 00 00 00 00 00 00
00 00 00 00 02 E0 01 88 02 E0 02 E0 02 E0 02 E0
02 E8 02 E0 02 E0 02 E0 02 E8 02 E0 02 E0 02 E8
02 E0 02 E0 02 E8 02 E0 02 E0 02 E8 02 E8 02 E0
02 E0 02 E0 00 00 00 F0 00 00 00 00 8E 29 00 00
8E 29 8E 29 8E 29 8E 29 00 00 8E 29 00 00 00 00
00 00 00 00 00 00 00 00 00 00 00 00 00 00 00 00
00 00 00 00 00 00 00 00 00 00 00 00 00 00 00 00
00 00 00 00 00 00 00 00 00 00 00 00 00 00 00 00
00 00 00 00 00 00 00 00 00 00 00 00 00 00 00 00
00 00 00 00 00 00 00 00 00 00 00 00 00 00 00 00
00 00 00 00 8E 29 EA 18 8E 29 8E 29 8E 29 8E 29
8E 29 8E 29 00 00 00 00 00 00 00 00 8E 29 C9 18
8E 29 8E 29 8E 29 8E 29 00 00 00 00 00 00 00 00
8E 29 8E 21 8E 29 8E 29 8E 29 8E 29 00 00 00 00
00 00 00 00 00 00 00 00 00 00 00 00 00 00 00 00
00 00 00 00 00 00 00 00 00 00 00 00 00 00 00 00
00 00 00 00 02 E0 01 88 02 E0 02 E0 02 E0 02 E0
02 E0 02 E0 02 E0 02 E0 02 E0 02 E0 02 E0 02 E0
02 E0 02 E0 02 E0 02 E0 02 E0 02 E0 02 E0 02 E0
02 E0 02 E0 00 00 02 E0 00 00 00 00 8E 29 00 00
8E 29 8E 29 8E 29 8E 29 00 00 8E 29 00 00 00 00
00 00 00 00 00 00 00 00 00 00 00 00 00 00 00 00
00 00 00 00 00 00 00 00 00 00 00 00 00 00 00 00
00 00 00 00 00 00 00 00 00 00 00 00 00 00 00 00
00 00 00 00 00 00 00 00 00 00 00 00 00 00 00 00
00 00 00 00 00 00 00 00 00 00 00 00 00 00 00 00
00 00 00 00 8E 29 8E 21 8E 29 8E 29 8E 29 8E 29
00 00 8E 29 00 00 00 00 00 00 00 00 8E 29 C9 18
8E 29 8E 29 8E 29 8E 29 00 00 00 00 00 00 00 00
8E 29 8E 21 8E 29 8E 29 8E 29 8E 29 00 00 00 00
00 00 00 00 00 00 00 00 00 00 00 00 00 00 00 00
00 00 00 00 00 00 00 00 00 00 00 00 00 00 00 00
00 00 00 00 02 E0 01 88 02 E0 02 E0 02 E0 02 E0
02 E0 02 E0 02 E0 02 E0 02 E0 02 E0 02 E0 02 E0
02 E0 02 E0 02 E0 02 E0 02 E0 02 E0 02 E0 02 E0
02 E0 02 E0 02 E0 02 E0 00 00 00 00 8E 29 00 00
8E 29 8E 29 8E 29 8E 29 00 00 8E 29 00 00 00 00
00 00 00 00 00 00 00 00 00 00 00 00 00 00 00 00
00 00 00 00 00 00 00 00 00 00 00 00 00 00 00 00
00 00 00 00 00 00 00 00 00 00 00 00 00 00 00 00
00 00 00 00 00 00 00 00 00 00 00 00 00 00 00 00
00 00 00 00 00 00 00 00 00 00 00 00 00 00 00 00
00 00 00 00 8E 29 8E 29 8E 29 8E 29 8E 29 8E 29
00 00 8E 29 00 00 00 00 00 00 00 00 8E 29 C9 18
8E 29 8E 29 8E 29 8E 29 00 00 00 00 00 00 00 00
8E 29 8E 21 8E 29 8E 29 8E 29 8E 29 00 00 00 00
00 00 00 00 00 00 00 00 00 00 00 00 00 00 00 00
00 00 00 00 00 00 00 00 00 00 00 00 00 00 00 00
00 00 00 00 02 E0 01 88 02 E0 02 E0 02 E0 02 E0
02 E0 02 E0 02 E0 02 E0 02 E0 02 E0 02 E0 02 E0
02 E0 02 E0 02 E0 02 E0 02 E0 02 E0 02 E0 02 E0
02 E0 02 E0 02 E0 02 E0 00 00 00 00 8E 29 00 00
8E 29 8E 29 8E 29 8E 29 00 00 8E 29 00 00 00 00
00 00 00 00 00 00 00 00 00 00 00 00 00 00 00 00
00 00 00 00 00 00 00 00 00 00 00 00 00 00 00 00
00 00 00 00 00 00 00 00 00 00 00 00 00 00 00 00
00 00 00 00 00 00 00 00 00 00 00 00 00 00 00 00
00 00 00 00 00 00 00 00 00 00 00 00 00 00 00 00
00 00 00 00 8E 29 8E 29 8E 29 8E 29 8E 29 8E 29
00 00 8E 29 00 00 00 00 00 00 00 00 8E 29 C9 18
8E 29 8E 29 8E 29 8E 29 00 00 00 00 00 00 00 00
8E 29 8E 21 8E 29 8E 29 8E 29 8E 29 00 00 00 00
00 00 00 00 00 00 00 00 00 00 00 00 00 00 00 00
00 00 00 00 00 00 00 00 00 00 00 00 00 00 00 00
00 00 00 00 02 E0 01 88 02 E0 02 E0 02 E0 02 E0
02 E0 02 E0 02 E0 02 E0 02 E0 02 E0 02 E0 02 E0
02 E0 02 E0 02 E0 02 E0 02 E0 02 E0 02 E0 02 E0
02 E0 02 E0 02 E0 02 E0 00 00 00 00 8E 29 00 00
8E 29 8E 29 8E 29 8E 29 00 00 8E 29 00 00 00 00
00 00 00 00 00 00 00 00 00 00 00 00 00 00 00 00
00 00 00 00 00 00 00 00 00 00 00 00 00 00 00 00
00 00 00 00 00 00 00 00 00 00 00 00 00 00 00 00
00 00 00 00 00 00 00 00 00 00 00 00 00 00 00 00
00 00 00 00 00 00 00 00 00 00 00 00 00 00 00 00
8D 21 00 00 8E 29 8E 29 8E 29 8E 29 8E 29 8E 29
00 00 4D 21 82 F5 00 00 00 00 00 00 8E 29 C9 18
8E 29 8E 29 8E 29 8E 29 00 00 00 00 00 00 00 00
8E 29 8E 21 8E 29 8E 29 8E 29 8E 29 00 00 00 00
00 00 00 00 00 00 00 00 00 00 00 00 00 00 00 00
00 00 00 00 00 00 00 00 00 00 00 00 00 00 00 00
00 00 00 00 02 E0 01 88 02 E0 02 E0 02 E0 02 E0
02 E0 02 E0 02 E0 02 E0 02 E0 02 E0 02 E0 02 E0
02 E0 02 E0 02 E0 02 E0 02 E0 02 E0 02 E0 02 E0
02 E0 02 E0 02 E0 02 E0 00 00 00 00 8E 29 00 00
8E 29 8E 29 8E 29 8E 29 00 00 8E 29 00 00 00 00
00 00 00 00 00 00 00 00 00 00 00 00 00 00 00 00
00 00 00 00 00 00 00 00 00 00 00 00 00 00 00 00
00 00 00 00 00 00 00 00 00 00 00 00 00 00 00 00
00 00 00 00 00 00 00 00 00 00 00 00 00 00 00 00
00 00 00 00 00 00 00 00 00 00 00 00 00 00 00 00
8E 21 00 00 8E 29 8E 29 8E 29 8E 29 8E 29 8E 29
00 00 00 00 83 F5 00 00 00 00 00 00 8E 29 C9 18
8E 29 8E 29 8E 29 8E 29 00 00 00 00 00 00 00 00
8E 29 8E 21 8E 29 8E 29 8E 29 8E 29 00 00 00 00
00 00 00 00 00 00 00 00 00 00 00 00 00 00 00 00
00 00 00 00 00 00 00 00 00 00 00 00 00 00 00 00
00 00 00 00 02 E0 01 88 02 E0 02 E0 02 E0 02 E0
02 E0 02 E0 02 E0 02 E0 02 E0 02 E0 02 E0 02 E0
02 E0 02 E0 02 E0 02 E0 02 E0 02 E0 02 E0 02 E0
02 E0 02 E0 02 E0 02 E0 00 00 00 00 8E 29 00 00
8E 29 8E 29 8E 29 8E 29 00 00 8E 29 00 00 00 00
00 00 00 00 00 00 00 00 00 00 00 00 00 00 00 00
00 00 00 00 00 00 00 00 00 00 00 00 00 00 00 00
00 00 00 00 00 00 00 00 00 00 00 00 00 00 00 00
00 00 00 00 00 00 00 00 00 00 00 00 00 00 00 00
00 00 00 00 00 00 00 00 00 00 00 00 00 00 00 00
8E 29 00 00 8E 29 8E 29 8E 29 8E 29 8E 21 8E 29
00 00 00 00 83 F5 00 00 00 00 00 00 8E 29 C9 18
8E 29 8E 29 8E 29 8E 29 00 00 00 00 00 00 00 00
8E 29 8E 21 8E 29 8E 29 8E 29 8E 29 00 00 00 00
00 00 00 00 00 00 00 00 00 00 00 00 00 00 00 00
00 00 00 00 00 00 00 00 00 00 00 00 00 00 00 00
00 00 00 00 02 E0 01 88 02 E0 02 E0 02 E0 02 E0
02 E0 02 E0 02 E0 02 E0 02 E0 02 E0 02 E0 02 E0
02 E0 02 E0 02 E0 02 E0 02 E0 02 E0 02 E0 02 E0
02 E0 02 E0 02 E0 02 E0 00 00 00 00 8E 29 00 00
8E 29 8E 29 8E 29 8E 29 00 00 8E 29 00 00 00 00
00 00 00 00 00 00 00 00 00 00 00 00 00 00 00 00
00 00 00 00 00 00 00 00 00 00 00 00 00 00 00 00
00 00 00 00 00 00 00 00 00 00 00 00 00 00 00 00
00 00 00 00 00 00 00 00 00 00 00 00 00 00 00 00
00 00 00 00 00 00 00 00 00 00 00 00 00 00 00 00
8E 29 10 00 8E 29 8E 29 8E 29 8E 29 8E 29 8E 29
00 00 00 00 83 F5 00 00 00 00 00 00 8E 29 C9 18
8E 29 8E 29 8E 29 8E 29 00 00 00 00 00 00 00 00
8E 29 8E 21 8E 29 8E 29 8E 29 8E 29 00 00 00 00
00 00 00 00 00 00 00 00 00 00 00 00 00 00 00 00
00 00 00 00 00 00 00 00 00 00 00 00 00 00 00 00
00 00 00 00 02 E0 01 88 02 E0 02 E0 02 E0 02 E0
02 E0 02 E0 02 E0 02 E0 02 E0 02 E0 02 E0 02 E0
02 E0 02 E0 02 E0 02 E0 02 E0 02 E0 02 E0 02 E0
02 E0 02 E0 02 E0 02 E0 00 00 00 00 8E 29 00 00
8E 29 8E 29 8E 29 8E 29 00 00 8E 29 00 00 00 00
00 00 00 00 00 00 00 00 00 00 00 00 00 00 00 00
00 00 00 00 00 00 00 00 00 00 00 00 00 00 00 00
00 00 00 00 00 00 00 00 00 00 00 00 00 00 00 00
00 00 00 00 00 00 00 00 00 00 00 00 00 00 00 00
00 00 00 00 00 00 00 00 00 00 00 00 00 00 00 00
8E 29 6E 29 8E 29 8E 29 8E 29 8E 29 00 00 8E 29
00 00 00 00 83 F5 83 F5 00 00 00 00 8E 29 C9 18
8E 29 8E 29 8E 29 8E 29 00 00 00 00 00 00 00 00
8E 29 8E 21 8E 29 8E 29 8E 29 8E 29 00 00 00 00
00 00 00 00 00 00 00 00 00 00 00 00 00 00 00 00
00 00 00 00 00 00 00 00 00 00 00 00 00 00 00 00
00 00 00 00 02 E0 00 50 02 E0 02 E0 02 E0 02 E0
02 E0 02 E0 02 E0 02 E0 02 E0 02 E0 02 E0 02 E0
02 E0 02 E0 02 E0 02 E0 02 E0 02 E0 02 E0 02 E0
02 E0 02 E0 02 E0 02 E0 00 00 00 00 8E 29 00 00
8E 29 8E 29 8E 29 8E 29 00 00 8E 29 00 00 00 00
00 00 00 00 00 00 00 00 00 00 00 00 00 00 00 00
00 00 00 00 00 00 00 00 00 00 00 00 00 00 00 00
00 00 00 00 00 00 00 00 00 00 00 00 00 00 00 00
00 00 00 00 00 00 00 00 00 00 00 00 00 00 00 00
00 00 00 00 00 00 00 00 00 00 00 00 00 00 00 00
8E 29 8E 21 8E 29 8E 29 8E 29 8E 29 00 00 8E 29
00 00 00 00 83 F5 83 F5 00 00 00 00 8E 29 C9 18
8E 29 8E 29 8E 29 8E 29 00 00 00 00 00 00 00 00
8E 29 8E 21 8E 29 8E 29 8E 29 8E 29 00 00 00 00
00 00 00 00 00 00 00 00 00 00 00 00 00 00 00 00
00 00 00 00 00 00 00 00 00 00 00 00 00 00 00 00
00 00 00 00 02 E0 00 00 02 E0 02 E0 02 E0 02 E0
02 E0 02 E0 02 E0 02 E0 02 E0 02 E0 02 E0 02 E0
02 E0 02 E0 02 E0 02 E0 02 E0 02 E0 02 E0 02 E0
02 E0 02 E0 02 E0 02 E0 00 00 00 00 8E 29 00 00
8E 29 8E 29 8E 29 8E 29 00 00 8E 29 00 00 00 00
00 00 00 00 00 00 00 00 00 00 00 00 00 00 00 00
00 00 00 00 00 00 00 00 00 00 00 00 00 00 00 00
00 00 00 00 00 00 00 00 00 00 00 00 00 00 00 00
00 00 00 00 00 00 00 00 00 00 00 00 00 00 00 00
00 00 00 00 00 00 00 00 00 00 00 00 00 00 00 00
8E 29 8E 29 8E 29 8E 29 8E 29 8E 29 00 00 8E 29
00 00 00 00 83 F5 83 F5 00 00 00 00 8E 29 C9 18
8E 29 8E 29 8E 29 8E 29 00 00 00 00 00 00 00 00
8E 29 8E 21 8E 29 8E 29 8E 29 8E 29 00 00 00 00
00 00 00 00 00 00 00 00 00 00 00 00 00 00 00 00
00 00 00 00 00 00 00 00 00 00 00 00 00 00 00 00
00 00 00 00 02 E0 00 00 02 E0 02 E0 02 E0 02 E0
02 E0 02 E0 02 E0 02 E0 02 E0 02 E0 02 E0 02 E0
02 E0 02 E0 02 E0 02 E0 02 E0 02 E0 02 E0 02 E0
02 E0 02 E0 02 E0 02 E0 00 00 00 00 8E 29 00 00
8E 29 8E 29 8E 29 8E 29 00 00 8E 29 00 00 00 00
00 00 00 00 00 00 00 00 00 00 00 00 00 00 00 00
00 00 00 00 00 00 00 00 00 00 00 00 00 00 00 00
00 00 00 00 00 00 00 00 00 00 00 00 00 00 00 00
00 00 00 00 00 00 00 00 00 00 00 00 00 00 00 00
00 00 00 00 00 00 00 00 00 00 00 00 8E 21 00 00
8E 29 8E 29 8E 29 8E 29 8E 29 8E 29 00 00 E3 00
42 F6 00 00 83 F5 83 F5 00 00 00 00 8E 29 C9 18
8E 29 8E 29 8E 29 8E 29 00 00 00 00 00 00 00 00
8E 29 8E 21 8E 29 8E 29 8E 29 8E 29 00 00 00 00
00 00 00 00 00 00 00 00 00 00 00 00 00 00 00 00
00 00 00 00 00 00 00 00 00 00 00 00 00 00 00 00
00 00 00 00 02 E0 00 00 02 E0 02 E0 02 E0 02 E0
02 E0 02 E0 02 E0 02 E0 02 E0 02 E0 02 E0 02 E0
02 E0 02 E0 02 E0 02 E0 02 E0 02 E0 02 E0 02 E0
02 E0 02 E0 02 E0 02 E0 00 00 00 00 8E 29 00 00
8E 29 8E 29 8E 29 8E 29 00 00 8E 29 00 00 00 00
00 00 00 00 00 00 00 00 00 00 00 00 00 00 00 00
00 00 00 00 00 00 00 00 00 00 00 00 00 00 00 00
00 00 00 00 00 00 00 00 00 00 00 00 00 00 00 00
00 00 00 00 00 00 00 00 00 00 00 00 00 00 00 00
00 00 00 00 00 00 00 00 00 00 00 00 8E 21 00 00
8E 29 8E 29 8E 29 8E 29 8E 29 8E 29 00 00 00 00
83 F5 00 00 83 F5 83 F5 00 00 00 00 8E 29 C9 18
8E 29 8E 29 8E 29 8E 29 00 00 00 00 00 00 00 00
8E 29 8E 21 8E 29 8E 29 8E 29 8E 29 00 00 00 00
00 00 00 00 00 00 00 00 00 00 00 00 00 00 00 00
00 00 00 00 00 00 00 00 00 00 00 00 00 00 00 00
00 00 00 00 00 00 00 00 02 E0 02 E0 02 E0 02 E0
02 E0 02 E0 02 E0 02 E0 02 E0 02 E0 02 E0 02 E0
02 E0 02 E0 02 E0 02 E0 02 E0 02 E0 02 E0 02 E0
02 E0 02 E0 02 E0 02 E0 00 00 00 00 8E 29 00 00
8E 29 8E 29 8E 29 8E 29 00 00 8E 29 00 00 00 00
00 00 00 00 00 00 00 00 00 00 00 00 00 00 00 00
00 00 00 00 00 00 00 00 00 00 00 00 00 00 00 00
00 00 00 00 00 00 00 00 00 00 00 00 00 00 00 00
00 00 00 00 00 00 00 00 00 00 00 00 00 00 00 00
00 00 00 00 00 00 00 00 00 00 00 00 8E 29 00 00
8E 29 8E 29 8E 29 8E 29 8E 29 8E 29 00 00 00 00
83 F5 00 00 83 F5 83 F5 00 00 00 00 8E 29 C9 18
8E 29 8E 29 8E 29 8E 29 00 00 00 00 00 00 00 00
8E 29 8E 21 8E 29 8E 29 8E 29 8E 29 00 00 00 00
00 00 00 00 00 00 00 00 00 00 00 00 00 00 00 00
00 00 00 00 00 00 00 00 00 00 00 00 00 00 00 00
00 00 00 00 00 00 00 00 00 00 00 00 00 00 00 00
00 00 00 00 00 00 00 00 00 00 00 00 00 00 00 00
00 00 00 00 00 00 00 00 00 00 00 00 02 E0 01 88
02 E0 02 E0 02 E0 02 E0 00 00 00 00 8E 29 00 00
8E 29 8E 29 8E 29 8E 29 00 00 8E 29 00 00 00 00
00 00 00 00 00 00 00 00 00 00 00 00 00 00 00 00
00 00 00 00 00 00 00 00 00 00 00 00 00 00 00 00
00 00 00 00 00 00 00 00 00 00 00 00 00 00 00 00
00 00 00 00 00 00 00 00 00 00 00 00 00 00 00 00
00 00 00 00 00 00 00 00 00 00 00 00 8E 29 8E 29
8E 29 8E 29 8E 29 8E 29 8E 19 8E 29 00 00 00 00
83 F5 A2 AB 83 F5 83 F5 00 00 00 00 8E 29 C9 18
8E 29 8E 29 8E 29 8E 29 00 00 00 00 00 00 00 00
8E 29 8E 21 8E 29 8E 29 8E 29 8E 29 00 00 00 00
00 00 00 00 00 00 00 00 00 00 00 00 00 00 00 00
00 00 00 00 00 00 00 00 00 00 00 00 00 00 00 00
00 00 00 00 00 00 00 00 00 00 00 00 00 00 00 00
00 00 00 00 00 00 00 00 00 00 00 00 00 00 00 00
00 00 00 00 00 00 00 00 00 00 00 00 02 E0 01 88
02 E0 02 E0 02 E0 02 E0 00 00 00 00 8E 29 00 00
8E 29 8E 29 8E 29 8E 29 00 00 8E 29 00 00 00 00
00 00 00 00 00 00 00 00 00 00 00 00 00 00 00 00
00 00 00 00 00 00 00 00 00 00 00 00 00 00 00 00
00 00 00 00 00 00 00 00 00 00 00 00 00 00 00 00
00 00 00 00 00 00 00 00 00 00 00 00 00 00 00 00
00 00 00 00 00 00 00 00 00 00 00 00 8E 29 8E 29
8E 29 8E 29 8E 29 8E 29 00 00 8E 29 00 00 00 00
83 F5 83 F5 83 F5 83 F5 00 00 00 00 8E 29 C9 18
8E 29 8E 29 8E 29 8E 29 00 00 00 00 00 00 00 00
8E 29 8E 21 8E 29 8E 29 8E 29 8E 29 00 00 00 00
00 00 00 00 00 00 00 00 00 00 00 00 00 00 00 00
00 00 00 00 00 00 00 00 00 00 00 00 00 00 00 00
00 00 00 00 00 00 00 00 00 00 00 00 00 00 00 00
00 00 00 00 00 00 00 00 00 00 00 00 00 00 00 00
00 00 00 00 00 00 00 00 00 00 00 00 02 E0 01 88
02 E0 02 E0 02 E0 02 E0 00 00 00 00 8E 29 00 00
8E 29 8E 29 8E 29 8E 29 00 00 8E 29 00 00 00 00
00 00 00 00 00 00 00 00 00 00 00 00 00 00 00 00
00 00 00 00 00 00 00 00 00 00 00 00 00 00 00 00
00 00 00 00 00 00 00 00 00 00 00 00 00 00 00 00
00 00 00 00 00 00 00 00 00 00 00 00 00 00 00 00
00 00 00 00 00 00 00 00 00 00 00 00 8E 29 8E 29
8E 29 8E 29 8E 29 8E 29 00 00 8E 21 00 00 00 00
83 F5 83 F5 83 F5 83 F5 00 00 00 00 8E 29 C9 18
8E 29 8E 29 8E 29 8E 29 00 00 00 00 00 00 00 00
8E 29 8E 21 8E 29 8E 29 8E 29 8E 29 00 00 00 00
00 00 00 00 00 00 00 00 00 00 00 00 00 00 00 00
00 00 00 00 00 00 00 00 00 00 00 00 00 00 00 00
00 00 00 00 00 00 00 00 00 00 00 00 00 00 00 00
00 00 00 00 00 00 00 00 00 00 00 00 00 00 00 00
00 00 00 00 00 00 00 00 00 00 00 00 02 E0 01 88
02 E0 02 E0 02 E0 02 E0 00 00 00 00 8E 29 00 00
8E 29 8E 29 8E 29 8E 29 00 00 8E 29 00 00 00 00
00 00 00 00 00 00 00 00 00 00 00 00 00 00 00 00
00 00 00 00 00 00 00 00 00 00 00 00 00 00 00 00
00 00 00 00 00 00 00 00 00 00 00 00 00 00 00 00
00 00 00 00 00 00 00 00 00 00 00 00 00 00 00 00
00 00 00 00 00 00 00 00 86 01 00 00 8E 29 8E 29
8E 29 8E 29 8E 29 8E 29 00 00 8E 29 00 00 00 00
83 F5 83 F5 83 F5 83 F5 00 00 00 00 8E 29 C9 18
8E 29 8E 29 8E 29 8E 29 00 00 00 00 00 00 00 00
8E 29 8E 21 8E 29 8E 29 8E 29 8E 29 00 00 00 00
00 00 00 00 00 00 00 00 00 00 00 00 00 00 00 00
00 00 00 00 00 00 00 00 00 00 00 00 00 00 00 00
00 00 00 00 00 00 00 00 00 00 00 00 00 00 00 00
00 00 00 00 00 00 00 00 00 00 00 00 00 00 00 00
00 00 00 00 00 00 00 00 00 00 00 00 02 E0 01 88
02 E0 02 E0 02 E0 02 E0 00 00 00 00 8E 29 00 00
8E 29 8E 29 8E 29 8E 29 00 00 8E 29 00 00 00 00
00 00 00 00 00 00 00 00 00 00 00 00 00 00 00 00
00 00 00 00 00 00 00 00 00 00 00 00 00 00 00 00
00 00 00 00 00 00 00 00 00 00 00 00 00 00 00 00
00 00 00 00 00 00 00 00 00 00 00 00 00 00 00 00
00 00 00 00 00 00 00 00 8E 21 00 00 8E 29 8E 29
8E 29 8E 29 8E 29 8E 29 00 00 00 00 83 F5 00 00
83 F5 83 F5 83 F5 83 F5 00 00 00 00 8E 29 C9 18
8E 29 8E 29 8E 29 8E 29 00 00 00 00 00 00 00 00
8E 29 8E 21 8E 29 8E 29 8E 29 8E 29 00 00 00 00
00 00 00 00 00 00 00 00 00 00 00 00 00 00 00 00
00 00 00 00 00 00 00 00 00 00 00 00 00 00 00 00
00 00 00 00 00 00 00 00 00 00 00 00 00 00 00 00
00 00 00 00 00 00 00 00 00 00 00 00 00 00 00 00
00 00 00 00 00 00 00 00 00 00 00 00 02 E0 01 88
02 E0 02 E0 02 E0 02 E0 00 00 00 00 8E 29 00 00
8E 29 8E 29 8E 29 8E 29 00 00 8E 29 00 00 00 00
00 00 00 00 00 00 00 00 00 00 00 00 00 00 00 00
00 00 00 00 00 00 00 00 00 00 00 00 00 00 00 00
00 00 00 00 00 00 00 00 00 00 00 00 00 00 00 00
00 00 00 00 00 00 00 00 00 00 00 00 00 00 00 00
00 00 00 00 00 00 00 00 8E 21 00 00 8E 29 8E 29
8E 29 8E 29 8E 29 8E 29 00 00 00 00 83 F5 00 00
83 F5 83 F5 83 F5 83 F5 00 00 00 00 8E 29 C9 18
8E 29 8E 29 8E 29 8E 29 00 00 00 00 00 00 00 00
8E 29 8E 21 8E 29 8E 29 8E 29 8E 29 00 00 00 00
00 00 00 00 00 00 00 00 00 00 00 00 00 00 00 00
00 00 00 00 00 00 00 00 00 00 00 00 00 00 00 00
00 00 00 00 00 00 00 00 00 00 00 00 00 00 00 00
00 00 00 00 00 00 00 00 00 00 00 00 00 00 00 00
00 00 00 00 00 00 00 00 00 00 00 00 02 E0 01 88
02 E0 02 E0 02 E0 02 E0 00 00 00 00 8E 29 00 00
8E 29 8E 29 8E 29 8E 29 00 00 8E 29 00 00 00 00
00 00 00 00 00 00 00 00 00 00 00 00 00 00 00 00
00 00 00 00 00 00 00 00 00 00 00 00 00 00 00 00
00 00 00 00 00 00 00 00 00 00 00 00 00 00 00 00
00 00 00 00 00 00 00 00 00 00 00 00 00 00 00 00
00 00 00 00 00 00 00 00 8E 29 00 00 8E 29 8E 29
8E 29 8E 29 8E 21 8E 29 00 00 00 00 83 F5 00 00
83 F5 83 F5 83 F5 83 F5 00 00 00 00 8E 29 C9 18
8E 29 8E 29 8E 29 8E 29 00 00 00 00 00 00 00 00
8E 29 8E 21 8E 29 8E 29 8E 29 8E 29 00 00 00 00
00 00 00 00 00 00 00 00 00 00 00 00 00 00 00 00
00 00 00 00 00 00 00 00 00 00 00 00 00 00 00 00
00 00 00 00 00 00 00 00 00 00 00 00 00 00 00 00
00 00 00 00 00 00 00 00 00 00 00 00 00 00 00 00
00 00 00 00 00 00 00 00 00 00 00 00 02 E0 01 88
02 E0 02 E0 02 E0 02 E0 00 00 00 00 8E 29 00 00
8E 29 8E 29 8E 29 8E 29 00 00 8E 29 00 00 00 00
00 00 00 00 00 00 00 00 00 00 00 00 00 00 00 00
00 00 00 00 00 00 00 00 00 00 00 00 00 00 00 00
00 00 00 00 00 00 00 00 00 00 00 00 00 00 00 00
00 00 00 00 00 00 00 00 00 00 00 00 00 00 00 00
00 00 00 00 00 00 00 00 8E 29 8F 21 8E 29 8E 29
8E 29 8E 29 0C 21 8E 29 00 00 00 00 83 F5 A0 BB
83 F5 83 F5 83 F5 83 F5 00 00 00 00 8E 29 C9 18
8E 29 8E 29 8E 29 8E 29 00 00 00 00 00 00 00 00
8E 29 8E 21 8E 29 8E 29 8E 29 8E 29 00 00 00 00
00 00 00 00 00 00 00 00 00 00 00 00 00 00 00 00
00 00 00 00 00 00 00 00 00 00 00 00 00 00 00 00
00 00 00 00 00 00 00 00 00 00 00 00 00 00 00 00
00 00 00 00 00 00 00 00 00 00 00 00 00 00 00 00
00 00 00 00 00 00 00 00 00 00 00 00 02 E0 01 88
02 E0 02 E0 02 E0 02 E0 00 00 00 00 8E 29 00 00
8E 29 8E 29 8E 29 8E 29 00 00 8E 29 00 00 00 00
00 00 00 00 00 00 00 00 00 00 00 00 00 00 00 00
00 00 00 00 00 00 00 00 00 00 00 00 00 00 00 00
00 00 00 00 00 00 00 00 00 00 00 00 00 00 00 00
00 00 00 00 00 00 00 00 00 00 00 00 00 00 00 00
00 00 00 00 00 00 00 00 8E 29 8E 21 8E 29 8E 29
8E 29 8E 29 00 00 8E 29 00 00 00 00 83 F5 83 F5
83 F5 83 F5 83 F5 83 F5 00 00 00 00 8E 29 C9 18
8E 29 8E 29 8E 29 8E 29 00 00 00 00 00 00 00 00
8E 29 8E 21 8E 29 8E 29 8E 29 8E 29 00 00 00 00
00 00 00 00 00 00 00 00 00 00 00 00 00 00 00 00
00 00 00 00 00 00 00 00 00 00 00 00 00 00 00 00
00 00 00 00 00 00 00 00 00 00 00 00 00 00 00 00
00 00 00 00 00 00 00 00 00 00 00 00 00 00 00 00
00 00 00 00 00 00 00 00 00 00 00 00 02 E0 01 88
02 E0 02 E0 02 E0 02 E0 00 00 00 00 8E 29 00 00
8E 29 8E 29 8E 29 8E 29 00 00 8E 29 00 00 00 00
00 00 00 00 00 00 00 00 00 00 00 00 00 00 00 00
00 00 00 00 00 00 00 00 00 00 00 00 00 00 00 00
00 00 00 00 00 00 00 00 00 00 00 00 00 00 00 00
00 00 00 00 00 00 00 00 00 00 00 00 00 00 00 00
00 00 00 00 00 00 00 00 8E 29 8E 29 8E 29 8E 29
8E 29 8E 29 00 00 8E 21 00 00 00 00 83 F5 83 F5
83 F5 83 F5 83 F5 83 F5 00 00 00 00 8E 29 C9 18
8E 29 8E 29 8E 29 8E 29 00 00 00 00 00 00 00 00
8E 29 8E 21 8E 29 8E 29 8E 29 8E 29 00 00 00 00
00 00 00 00 00 00 00 00 00 00 00 00 00 00 00 00
00 00 00 00 00 00 00 00 00 00 00 00 00 00 00 00
00 00 00 00 00 00 00 00 00 00 00 00 00 00 00 00
00 00 00 00 00 00 00 00 00 00 00 00 00 00 00 00
00 00 00 00 00 00 00 00 00 00 00 00 02 E0 01 88
02 E0 02 E0 02 E0 02 E0 00 00 00 00 8E 29 00 00
8E 29 8E 29 8E 29 8E 29 00 00 8E 29 00 00 00 00
00 00 00 00 00 00 00 00 00 00 00 00 00 00 00 00
00 00 00 00 00 00 00 00 00 00 00 00 00 00 00 00
00 00 00 00 00 00 00 00 00 00 00 00 00 00 00 00
00 00 00 00 00 00 00 00 00 00 00 00 00 00 00 00
00 00 00 00 2B 11 00 00 8E 29 8E 29 8E 29 8E 29
8E 29 8E 29 00 00 AE 29 00 00 00 00 83 F5 83 F5
83 F5 83 F5 83 F5 83 F5 00 00 00 00 8E 29 C9 18
8E 29 8E 29 8E 29 8E 29 00 00 00 00 00 00 00 00
8E 29 8E 21 8E 29 8E 29 8E 29 8E 29 00 00 00 00
00 00 00 00 00 00 00 00 00 00 00 00 00 00 00 00
00 00 00 00 00 00 00 00 00 00 00 00 00 00 00 00
00 00 00 00 00 00 00 00 00 00 00 00 00 00 00 00
00 00 00 00 00 00 00 00 00 00 00 00 00 00 00 00
00 00 00 00 00 00 00 00 00 00 00 00 02 E0 01 88
02 E0 02 E0 02 E0 02 E0 00 00 00 00 8E 29 00 00
8E 29 8E 29 8E 29 8E 29 00 00 8E 29 00 00 00 00
00 00 00 00 00 00 00 00 00 00 00 00 00 00 00 00
00 00 00 00 00 00 00 00 00 00 00 00 00 00 00 00
00 00 00 00 00 00 00 00 00 00 00 00 00 00 00 00
00 00 00 00 00 00 00 00 00 00 00 00 00 00 00 00
00 00 00 00 8E 21 00 00 8E 29 8E 29 8E 29 8E 29
8E 29 8E 29 00 00 00 00 83 F5 00 00 83 F5 83 F5
83 F5 83 F5 83 F5 83 F5 00 00 00 00 8E 29 C9 18
8E 29 8E 29 8E 29 8E 29 00 00 00 00 00 00 00 00
8E 29 8E 21 8E 29 8E 29 8E 29 8E 29 00 00 00 00
00 00 00 00 00 00 00 00 00 00 00 00 00 00 00 00
00 00 00 00 00 00 00 00 00 00 00 00 00 00 00 00
00 00 00 00 00 00 00 00 00 00 00 00 00 00 00 00
00 00 00 00 00 00 00 00 00 00 00 00 00 00 00 00
00 00 00 00 00 00 00 00 00 00 00 00 02 E0 01 88
02 E0 02 E0 02 E0 02 E0 00 00 00 00 8E 29 00 00
8E 29 8E 29 8E 29 8E 29 00 00 8E 29 00 00 00 00
00 00 00 00 00 00 00 00 00 00 00 00 00 00 00 00
00 00 00 00 00 00 00 00 00 00 00 00 00 00 00 00
00 00 00 00 00 00 00 00 00 00 00 00 00 00 00 00
00 00 00 00 00 00 00 00 00 00 00 00 00 00 00 00
00 00 00 00 8E 29 00 00 8E 29 8E 29 8E 29 8E 29
8E 29 8E 29 00 00 00 00 83 F5 00 00 83 F5 83 F5
83 F5 83 F5 83 F5 83 F5 00 00 00 00 8E 29 C9 18
8E 29 8E 29 8E 29 8E 29 00 00 00 00 00 00 00 00
8E 29 8E 21 8E 29 8E 29 8E 29 8E 29 00 00 00 00
00 00 00 00 00 00 00 00 00 00 00 00 00 00 00 00
00 00 00 00 00 00 00 00 00 00 00 00 00 00 00 00
00 00 00 00 00 00 00 00 00 00 00 00 00 00 00 00
00 00 00 00 00 00 00 00 00 00 00 00 00 00 00 00
00 00 00 00 00 00 00 00 00 00 00 00 02 E0 01 88
02 E0 02 E0 02 E0 02 E0 00 00 00 00 8E 29 00 00
8E 29 8E 29 8E 29 8E 29 00 00 8E 29 00 00 00 00
00 00 00 00 00 00 00 00 00 00 00 00 00 00 00 00
00 00 00 00 00 00 00 00 00 00 00 00 00 00 00 00
00 00 00 00 00 00 00 00 00 00 00 00 00 00 00 00
00 00 00 00 00 00 00 00 00 00 00 00 00 00 00 00
00 00 00 00 8E 29 00 00 8E 29 8E 29 8E 29 8E 29
8E 21 8E 29 00 00 00 00 83 F5 00 00 83 F5 83 F5
83 F5 83 F5 83 F5 83 F5 00 00 00 00 8E 29 C9 18
8E 29 8E 29 8E 29 8E 29 00 00 00 00 00 00 00 00
8E 29 8E 21 8E 29 8E 29 8E 29 8E 29 00 00 00 00
00 00 00 00 00 00 00 00 00 00 00 00 00 00 00 00
00 00 00 00 00 00 00 00 00 00 00 00 00 00 00 00
00 00 00 00 00 00 00 00 00 00 00 00 00 00 00 00
00 00 00 00 00 00 00 00 00 00 00 00 00 00 00 00
00 00 00 00 00 00 00 00 00 00 00 00 02 E0 01 88
02 E0 02 E0 02 E0 02 E0 00 00 00 00 8E 29 00 00
8E 29 8E 29 8E 29 8E 29 00 00 8E 29 00 00 00 00
00 00 00 00 00 00 00 00 00 00 00 00 00 00 00 00
00 00 00 00 00 00 00 00 00 00 00 00 00 00 00 00
00 00 00 00 00 00 00 00 00 00 00 00 00 00 00 00
00 00 00 00 00 00 00 00 00 00 00 00 00 00 00 00
00 00 00 00 8E 29 AE 21 8E 29 8E 29 8E 29 8E 29
2B 12 8E 29 00 00 00 00 83 F5 61 93 83 F5 83 F5
83 F5 83 F5 83 F5 83 F5 00 00 00 00 8E 29 C9 18
8E 29 8E 29 8E 29 8E 29 00 00 00 00 00 00 00 00
8E 29 8E 21 8E 29 8E 29 8E 29 8E 29 00 00 00 00
00 00 00 00 00 00 00 00 00 00 00 00 00 00 00 00
00 00 00 00 00 00 00 00 00 00 00 00 00 00 00 00
00 00 00 00 00 00 00 00 00 00 00 00 00 00 00 00
00 00 00 00 00 00 00 00 00 00 00 00 00 00 00 00
00 00 00 00 00 00 00 00 00 00 00 00 02 E0 01 88
02 E0 02 E0 02 E0 02 E0 00 00 00 00 8E 29 00 00
8E 29 8E 29 8E 29 8E 29 00 00 8E 29 00 00 00 00
00 00 00 00 00 00 00 00 00 00 00 00 00 00 00 00
00 00 00 00 00 00 00 00 00 00 00 00 00 00 00 00
00 00 00 00 00 00 00 00 00 00 00 00 00 00 00 00
00 00 00 00 00 00 00 00 00 00 00 00 00 00 00 00
00 00 00 00 8E 29 8E 21 8E 29 8E 29 8E 29 8E 29
00 00 8E 29 00 00 00 00 83 F5 83 F5 83 F5 83 F5
83 F5 83 F5 83 F5 83 F5 00 00 00 00 8E 29 C9 18
8E 29 8E 29 8E 29 8E 29 00 00 00 00 00 00 00 00
8E 29 8E 21 8E 29 8E 29 8E 29 8E 29 8E 21 8E 21
8E 21 8E 21 8E 21 8E 21 8E 21 8E 21 8E 21 8E 21
8E 21 8E 21 8E 21 8E 21 8E 21 8E 21 00 00 8E 21
00 00 00 00 00 00 00 00 00 00 00 00 00 00 00 00
00 00 00 00 00 00 00 00 00 00 00 00 00 00 00 00
00 00 00 00 00 00 00 00 00 00 00 00 02 E0 01 88
02 E0 02 E0 02 E0 02 E0 00 00 00 00 8E 29 00 00
8E 29 8E 29 8E 29 8E 29 00 00 8E 29 00 00 00 00
00 00 00 00 00 00 00 00 00 00 00 00 00 00 00 00
00 00 00 00 00 00 00 00 00 00 00 00 00 00 00 00
00 00 00 00 00 00 00 00 00 00 00 00 00 00 00 00
00 00 00 00 00 00 00 00 00 00 00 00 00 00 00 00
00 00 00 00 8E 29 8E 29 8E 29 8E 29 8E 29 8E 29
00 00 8E 21 00 00 00 00 83 F5 83 F5 83 F5 83 F5
83 F5 83 F5 83 F5 83 F5 00 00 00 00 8E 29 C9 18
8E 29 8E 29 8E 29 8E 29 00 00 00 00 00 00 00 00
8E 29 8E 21 8E 29 8E 29 8E 29 8E 29 8E 29 8E 29
8E 29 8E 29 8E 29 8E 29 8E 29 8E 29 8E 29 8E 29
8E 29 8E 29 8E 29 8E 29 8E 29 8E 29 00 00 8E 21
00 00 00 00 00 00 00 00 00 00 00 00 00 00 00 00
00 00 00 00 00 00 00 00 00 00 00 00 00 00 00 00
00 00 00 00 00 00 00 00 00 00 00 00 02 E0 01 88
02 E0 02 E0 02 E0 02 E0 00 00 00 00 8E 29 00 00
8E 29 8E 29 8E 29 8E 29 00 00 8E 29 00 00 00 00
00 00 00 00 00 00 00 00 00 00 00 00 00 00 00 00
00 00 00 00 00 00 00 00 00 00 00 00 00 00 00 00
00 00 00 00 00 00 00 00 00 00 00 00 00 00 00 00
00 00 00 00 00 00 00 00 00 00 00 00 00 00 00 00
0A 21 00 00 8E 29 8E 29 8E 29 8E 29 8E 29 8E 29
00 00 4C 21 E1 AB 00 00 83 F5 83 F5 83 F5 83 F5
83 F5 83 F5 83 F5 83 F5 00 00 00 00 8E 29 C9 18
8E 29 8E 29 8E 29 8E 29 00 00 00 00 00 00 00 00
8E 29 8E 21 8E 29 8E 29 8E 29 8E 29 8E 29 8E 29
8E 29 8E 29 8E 29 8E 29 8E 29 8E 29 8E 29 8E 29
8E 29 8E 29 8E 29 8E 29 8E 29 8E 29 00 00 8E 29
00 00 00 00 00 00 00 00 00 00 00 00 00 00 00 00
00 00 00 00 00 00 00 00 00 00 00 00 00 00 00 00
00 00 00 00 00 00 00 00 00 00 00 00 02 E0 01 88
02 E0 02 E0 02 E0 02 E0 00 00 00 00 8E 29 00 00
8E 29 8E 29 8E 29 8E 29 00 00 8E 29 00 00 00 00
00 00 00 00 00 00 00 00 00 00 00 00 00 00 00 00
00 00 00 00 00 00 00 00 00 00 00 00 00 00 00 00
00 00 00 00 00 00 00 00 00 00 00 00 00 00 00 00
00 00 00 00 00 00 00 00 00 00 00 00 00 00 00 00
8E 29 00 00 8E 29 8E 29 8E 29 8E 29 8E 29 8E 29
00 00 00 00 83 F5 00 00 83 F5 83 F5 83 F5 83 F5
83 F5 83 F5 83 F5 83 F5 00 00 00 00 8E 29 C9 18
8E 29 8E 29 8E 29 8E 29 00 00 00 00 00 00 00 00
8E 29 8E 21 8E 29 8E 29 8E 29 8E 29 8E 29 8E 29
8E 29 8E 29 8E 29 8E 29 8E 29 8E 29 8E 29 8E 29
8E 29 8E 29 8E 29 8E 29 8E 29 8E 29 08 21 8E 29
00 00 00 00 00 00 00 00 00 00 00 00 00 00 00 00
00 00 00 00 00 00 00 00 00 00 00 00 00 00 00 00
00 00 00 00 00 00 00 00 00 00 00 00 02 E0 01 88
02 E0 02 E0 02 E0 02 E0 00 00 00 00 8E 29 00 00
8E 29 8E 29 8E 29 8E 29 00 00 8E 29 00 00 00 00
00 00 00 00 00 00 00 00 00 00 00 00 00 00 00 00
00 00 00 00 00 00 00 00 00 00 00 00 00 00 00 00
00 00 00 00 00 00 00 00 00 00 00 00 00 00 00 00
00 00 00 00 00 00 00 00 00 00 00 00 00 00 00 00
8E 29 00 00 8E 29 8E 29 8E 29 8E 29 8E 29 8E 29
00 00 00 00 83 F5 00 00 83 F5 83 F5 83 F5 83 F5
83 F5 83 F5 83 F5 83 F5 00 00 00 00 8E 29 C9 18
8E 29 8E 29 8E 29 8E 29 00 00 00 00 00 00 00 00
8E 29 8E 21 8E 29 8E 29 8E 29 8E 29 8E 29 8E 29
8E 29 8E 29 8E 29 8E 29 8E 29 8E 29 8E 29 8E 29
8E 29 8E 29 8E 29 8E 29 8E 29 8E 29 8E 21 8E 29
00 00 00 00 00 00 00 00 00 00 00 00 00 00 00 00
00 00 00 00 00 00 00 00 00 00 00 00 00 00 00 00
00 00 00 00 00 00 00 00 00 00 00 00 02 E0 01 88
02 E0 02 E0 02 E0 02 E0 00 00 00 00 8E 29 00 00
8E 29 8E 29 8E 29 8E 29 00 00 8E 29 00 00 00 00
00 00 00 00 00 00 00 00 00 00 00 00 00 00 00 00
00 00 00 00 00 00 00 00 00 00 00 00 00 00 00 00
00 00 00 00 00 00 00 00 00 00 00 00 00 00 00 00
00 00 00 00 00 00 00 00 00 00 00 00 00 00 00 00
8E 29 00 00 8E 29 8E 29 8E 29 8E 29 6E 29 8E 29
00 00 00 00 83 F5 00 00 83 F5 83 F5 83 F5 83 F5
83 F5 83 F5 83 F5 83 F5 00 00 00 00 8E 29 C9 18
8E 29 8E 29 8E 29 8E 29 00 00 00 00 00 00 00 00
8E 29 8E 21 8E 29 8E 29 8E 29 8E 29 8E 29 8E 29
8E 29 8E 29 8E 29 8E 29 8E 29 8E 29 8E 29 8E 29
8E 29 8E 29 8E 29 8E 29 8E 29 8E 29 6D 29 8E 29
00 00 00 00 00 00 00 00 00 00 00 00 00 00 00 00
00 00 00 00 00 00 00 00 00 00 00 00 00 00 00 00
00 00 00 00 00 00 00 00 00 00 00 00 02 E0 01 88
02 E0 02 E0 02 E0 02 E0 00 00 00 00 8E 29 00 00
8E 29 8E 29 8E 29 8E 29 00 00 8E 29 00 00 00 00
00 00 00 00 00 00 00 00 00 00 00 00 00 00 00 00
00 00 00 00 00 00 00 00 00 00 00 00 00 00 00 00
00 00 00 00 00 00 00 00 00 00 00 00 00 00 00 00
00 00 00 00 00 00 00 00 00 00 00 00 00 00 00 00
8E 29 AE 21 8E 29 8E 29 8E 29 8E 29 EE 18 8E 29
00 00 00 00 83 F5 A3 FD 83 F5 83 F5 83 F5 83 F5
83 F5 83 F5 83 F5 83 F5 00 00 00 00 8E 29 C9 18
8E 29 8E 29 8E 29 8E 29 00 00 00 00 00 00 00 00
8E 29 8E 21 8E 29 8E 29 8E 29 8E 29 8E 29 8E 29
8E 29 8E 29 8E 29 8E 29 8E 29 8E 29 8E 29 8E 29
8E 29 8E 29 8E 29 8E 29 8E 29 8E 29 8E 29 8E 29
00 00 00 00 00 00 00 00 00 00 00 00 00 00 00 00
00 00 00 00 00 00 00 00 00 00 00 00 00 00 00 00
00 00 00 00 00 00 00 00 00 00 00 00 02 E0 01 88
02 E0 02 E0 02 E0 02 E0 00 00 00 00 8E 29 00 00
8E 29 8E 29 8E 29 8E 29 00 00 8E 29 00 00 00 00
00 00 00 00 00 00 00 00 00 00 00 00 00 00 00 00
00 00 00 00 00 00 00 00 00 00 00 00 00 00 00 00
00 00 00 00 00 00 00 00 00 00 00 00 00 00 00 00
00 00 00 00 00 00 00 00 00 00 00 00 00 00 00 00
8E 29 6E 21 8E 29 8E 29 8E 29 8E 29 00 00 8E 29
00 00 00 00 83 F5 83 F5 83 F5 83 F5 83 F5 83 F5
83 F5 83 F5 83 F5 83 F5 00 00 00 00 8E 29 C9 18
8E 29 8E 29 8E 29 8E 29 00 00 00 00 00 00 00 00
8E 29 8E 29 8E 29 8E 29 8E 29 8E 29 8E 29 8E 29
8E 29 8E 29 8E 29 8E 29 8E 29 8E 29 8E 29 8E 29
8E 29 8E 29 8E 29 8E 29 8E 29 8E 29 8E 29 8E 29
00 00 C6 18 00 00 00 00 00 00 00 00 00 00 00 00
00 00 00 00 00 00 00 00 00 00 00 00 00 00 00 00
00 00 00 00 00 00 00 00 00 00 00 00 02 E0 01 88
02 E0 02 E0 02 E0 02 E0 00 00 00 00 8E 29 00 00
8E 29 8E 29 8E 29 8E 29 00 00 8E 29 00 00 00 00
00 00 00 00 00 00 00 00 00 00 00 00 00 00 00 00
00 00 00 00 00 00 00 00 00 00 00 00 00 00 00 00
00 00 00 00 00 00 00 00 00 00 00 00 00 00 00 00
00 00 00 00 00 00 00 00 00 00 00 00 00 00 00 00
8E 29 8E 29 8E 29 8E 29 8E 29 8E 29 00 00 8E 29
00 00 00 00 83 F5 83 F5 83 F5 83 F5 83 F5 83 F5
83 F5 83 F5 83 F5 83 F5 00 00 00 00 8E 29 C9 18
8E 29 8E 29 8E 29 8E 29 00 00 00 00 00 00 00 00
8E 29 8E 21 8E 29 8E 29 8E 29 8E 29 8E 29 8E 29
8E 29 8E 29 8E 29 8E 29 8E 29 8E 29 8E 29 8E 29
8E 29 8E 29 8E 29 8E 29 8E 29 8E 29 8E 29 8E 29
00 00 8D 29 00 00 00 00 00 00 00 00 00 00 00 00
00 00 00 00 00 00 00 00 00 00 00 00 00 00 00 00
00 00 00 00 00 00 00 00 00 00 00 00 02 E0 01 88
02 E0 02 E0 02 E0 02 E0 00 00 00 00 8E 29 00 00
8E 29 8E 29 8E 29 8E 29 00 00 8E 29 00 00 00 00
00 00 00 00 00 00 00 00 00 00 00 00 00 00 00 00
00 00 00 00 00 00 00 00 00 00 00 00 00 00 00 00
00 00 00 00 00 00 00 00 00 00 00 00 00 00 00 00
00 00 00 00 00 00 00 00 00 00 00 00 CE 21 00 00
8E 29 8E 29 8E 29 8E 29 8E 29 8E 29 00 00 6C 29
42 FE 00 00 83 F5 83 F5 83 F5 83 F5 83 F5 83 F5
83 F5 83 F5 83 F5 83 F5 00 00 00 00 8E 29 C9 18
8E 29 8E 29 8E 29 8E 29 00 00 00 00 00 00 00 00
8E 29 00 00 8E 29 8E 29 8E 29 8E 29 8E 29 8E 29
8E 29 8E 29 8E 29 8E 29 8E 29 8E 29 8E 29 8E 29
8E 29 8E 29 8E 29 8E 29 8E 29 8E 29 8E 29 8E 29
00 00 8E 21 00 00 00 00 00 00 00 00 00 00 00 00
00 00 00 00 00 00 00 00 00 00 00 00 00 00 00 00
00 00 00 00 00 00 00 00 00 00 00 00 02 E0 01 88
02 E0 02 E0 02 E0 02 E0 00 00 00 00 8E 29 00 00
8E 29 8E 29 8E 29 8E 29 00 00 8E 29 00 00 00 00
00 00 00 00 00 00 00 00 00 00 00 00 00 00 00 00
00 00 00 00 00 00 00 00 00 00 00 00 00 00 00 00
00 00 00 00 00 00 00 00 00 00 00 00 00 00 00 00
00 00 00 00 00 00 00 00 00 00 00 00 8E 29 00 00
8E 29 8E 29 8E 29 8E 29 8E 29 8E 29 00 00 00 00
83 F5 00 00 83 F5 83 F5 83 F5 83 F5 83 F5 83 F5
83 F5 83 F5 83 F5 83 F5 00 00 00 00 8E 29 C9 18
8E 29 8E 29 8E 29 8E 29 00 00 00 00 00 00 00 00
8E 29 00 00 8E 29 8E 29 8E 29 8E 29 8E 29 8E 29
8E 29 8E 29 8E 29 8E 29 8E 29 8E 29 8E 29 8E 29
8E 29 8E 29 8E 29 8E 29 8E 29 8E 29 8E 29 8E 29
00 00 8E 29 00 00 00 00 00 00 00 00 00 00 00 00
00 00 00 00 00 00 00 00 00 00 00 00 00 00 00 00
00 00 00 00 00 00 00 00 00 00 00 00 02 E0 01 88
02 E0 02 E0 02 E0 02 E0 00 00 00 00 8E 29 00 00
8E 29 8E 29 8E 29 8E 29 00 00 8E 29 00 00 00 00
00 00 00 00 00 00 00 00 00 00 00 00 00 00 00 00
00 00 00 00 00 00 00 00 00 00 00 00 00 00 00 00
00 00 00 00 00 00 00 00 00 00 00 00 00 00 00 00
00 00 00 00 00 00 00 00 00 00 00 00 8E 29 00 00
8E 29 8E 29 8E 29 8E 29 8E 21 8E 29 00 00 00 00
83 F5 00 00 83 F5 83 F5 83 F5 83 F5 83 F5 83 F5
83 F5 83 F5 83 F5 83 F5 00 00 00 00 8E 29 C9 18
8E 29 8E 29 8E 29 8E 29 00 00 00 00 00 00 00 00
6C 21 00 00 8E 29 8E 29 8E 29 8E 29 8E 29 8E 29
8E 29 8E 29 8E 29 8E 29 8E 29 8E 29 8E 29 8E 29
8E 29 8E 29 8E 29 8E 29 8E 29 8E 29 8E 29 8E 29
E7 18 8E 29 00 00 00 00 00 00 00 00 00 00 00 00
00 00 00 00 00 00 00 00 00 00 00 00 00 00 00 00
00 00 00 00 00 00 00 00 00 00 00 00 02 E0 01 88
02 E0 02 E0 02 E0 02 E0 00 00 00 00 8E 29 00 00
8E 29 8E 29 8E 29 8E 29 00 00 8E 29 00 00 00 00
00 00 00 00 00 00 00 00 00 00 00 00 00 00 00 00
00 00 00 00 00 00 00 00 00 00 00 00 00 00 00 00
00 00 00 00 00 00 00 00 00 00 00 00 00 00 00 00
00 00 00 00 00 00 00 00 00 00 00 00 2B 21 00 00
2B 21 2B 21 2B 21 2B 21 2B 21 2B 21 00 00 00 00
83 F5 00 00 83 F5 83 F5 83 F5 83 F5 83 F5 83 F5
83 F5 83 F5 83 F5 83 F5 00 00 00 00 2B 21 0A 00
2B 21 2B 21 2B 21 2B 21 00 00 00 00 00 00 00 00
00 00 00 00 8E 21 8E 21 8E 21 8E 21 8E 21 8E 21
8E 21 8E 21 8E 21 8E 21 8E 21 8E 21 8E 21 8E 21
8E 21 8E 21 8E 21 8E 21 8E 21 8E 21 8E 21 8E 21
8D 21 8E 21 00 00 00 00 00 00 00 00 00 00 00 00
00 00 00 00 00 00 00 00 00 00 00 00 00 00 00 00
00 00 00 00 00 00 00 00 00 00 00 00 02 E0 01 88
02 E0 02 E0 02 E0 02 E0 00 00 00 00 8E 29 00 00
8E 29 8E 29 8E 29 8E 29 00 00 8E 29 00 00 00 00
00 00 00 00 00 00 00 00 00 00 00 00 00 00 00 00
00 00 00 00 00 00 00 00 00 00 00 00 00 00 00 00
00 00 00 00 00 00 00 00 00 00 00 00 00 00 00 00
00 00 00 00 00 00 00 00 00 00 00 00 00 00 00 00
00 00 00 00 00 00 00 00 00 00 00 00 00 00 00 00
00 00 00 00 00 00 00 00 00 00 00 00 00 00 00 00
00 00 00 00 00 00 00 00 00 00 00 00 00 00 00 00
00 00 00 00 00 00 00 00 00 00 00 00 00 00 00 00
00 00 00 00 00 00 00 00 00 00 00 00 00 00 00 00
00 00 00 00 00 00 00 00 00 00 00 00 00 00 00 00
00 00 00 00 00 00 00 00 00 00 00 00 00 00 00 00
00 00 00 00 00 00 00 00 00 00 00 00 00 00 00 00
00 00 00 00 00 00 00 00 00 00 00 00 00 00 00 00
00 00 00 00 00 00 00 00 00 00 00 00 02 E0 01 88
02 E0 02 E0 02 E0 02 E0 00 00 00 00 8E 29 00 00
8E 29 8E 29 8E 29 8E 29 00 00 8E 29 00 00 00 00
00 00 00 00 00 00 00 00 00 00 00 00 00 00 00 00
00 00 00 00 00 00 00 00 00 00 00 00 00 00 00 00
00 00 00 00 00 00 00 00 00 00 00 00 00 00 00 00
00 00 00 00 00 00 00 00 00 00 00 00 00 00 00 00
00 00 00 00 00 00 00 00 00 00 00 00 00 00 00 00
00 00 00 00 00 00 00 00 00 00 00 00 00 00 00 00
00 00 00 00 00 00 00 00 00 00 00 00 00 00 00 00
00 00 00 00 00 00 00 00 00 00 00 00 00 00 00 00
00 00 00 00 00 00 00 00 00 00 00 00 00 00 00 00
00 00 00 00 00 00 00 00 00 00 00 00 00 00 00 00
00 00 00 00 00 00 00 00 00 00 00 00 00 00 00 00
00 00 00 00 00 00 00 00 00 00 00 00 00 00 00 00
00 00 00 00 00 00 00 00 00 00 00 00 00 00 00 00
00 00 00 00 00 00 00 00 00 00 00 00 02 E0 01 88
02 E0 02 E0 02 E0 02 E0 00 00 00 00 8E 29 00 00
8E 29 8E 29 8E 29 8E 29 00 00 8E 29 00 00 00 00
00 00 00 00 00 00 00 00 00 00 00 00 00 00 00 00
00 00 00 00 00 00 00 00 00 00 00 00 00 00 00 00
00 00 00 00 00 00 00 00 00 00 00 00 00 00 00 00
00 00 00 00 00 00 00 00 00 00 00 00 00 00 00 00
00 00 00 00 00 00 00 00 00 00 00 00 00 00 00 00
00 00 00 00 00 00 00 00 00 00 00 00 00 00 00 00
00 00 00 00 00 00 00 00 00 00 00 00 00 00 00 00
00 00 00 00 00 00 00 00 00 00 00 00 00 00 00 00
00 00 00 00 00 00 00 00 00 00 00 00 00 00 00 00
00 00 00 00 00 00 00 00 00 00 00 00 00 00 00 00
00 00 00 00 00 00 00 00 00 00 00 00 00 00 00 00
00 00 00 00 00 00 00 00 00 00 00 00 00 00 00 00
00 00 00 00 00 00 00 00 00 00 00 00 00 00 00 00
00 00 00 00 00 00 00 00 00 00 00 00 02 E0 01 88
02 E0 02 E0 02 E0 02 E0 00 00 00 00 8E 29 00 00
8E 29 8E 29 8E 29 8E 29 00 00 8E 29 00 00 00 00
00 00 00 00 00 00 00 00 00 00 00 00 00 00 00 00
00 00 00 00 00 00 00 00 00 00 00 00 00 00 00 00
00 00 00 00 00 00 00 00 00 00 00 00 00 00 00 00
00 00 00 00 00 00 00 00 00 00 00 00 00 00 00 00
00 00 00 00 00 00 00 00 00 00 00 00 00 00 00 00
00 00 00 00 00 00 00 00 00 00 00 00 00 00 00 00
00 00 00 00 00 00 00 00 00 00 00 00 00 00 00 00
00 00 00 00 00 00 00 00 00 00 00 00 00 00 00 00
00 00 00 00 00 00 00 00 00 00 00 00 00 00 00 00
00 00 00 00 00 00 00 00 00 00 00 00 00 00 00 00
00 00 00 00 00 00 00 00 00 00 00 00 00 00 00 00
00 00 00 00 00 00 00 00 00 00 00 00 00 00 00 00
00 00 00 00 00 00 00 00 00 00 00 00 00 00 00 00
00 00 00 00 00 00 00 00 00 00 00 00 02 E0 01 88
02 E0 02 E0 02 E0 02 E0 00 00 00 00 8E 29 00 00
8E 29 8E 29 8E 29 8E 29 00 00 8E 29 00 00 00 00
00 00 00 00 00 00 00 00 00 00 00 00 00 00 00 00
00 00 00 00 00 00 00 00 00 00 00 00 00 00 00 00
00 00 00 00 00 00 00 00 00 00 00 00 00 00 00 00
00 00 00 00 00 00 00 00 00 28 00 00 00 28 00 28
00 28 00 28 00 28 00 28 00 28 00 28 00 28 00 28
00 28 00 28 00 28 00 28 00 28 00 28 00 28 00 28
00 28 00 28 00 28 00 28 00 28 00 28 00 28 00 28
00 28 00 28 00 28 00 28 00 28 00 28 00 28 00 28
00 28 00 28 00 28 00 28 00 28 00 28 00 28 00 28
00 28 00 28 00 28 00 28 00 28 00 28 00 28 00 28
00 28 00 28 00 28 00 28 00 28 00 28 00 28 00 28
00 28 00 28 00 28 00 28 00 28 00 28 00 28 00 28
00 28 00 28 00 28 00 28 00 28 00 28 00 28 00 28
00 28 00 28 00 28 00 28 00 28 00 28 02 E0 01 98
02 E0 02 E0 02 E0 02 E0 00 00 00 00 8E 29 00 00
8E 29 8E 29 8E 29 8E 29 02 00 8E 29 02 00 02 00
02 00 02 00 02 00 02 00 02 00 02 00 02 00 02 00
02 00 02 00 02 00 02 00 02 00 02 00 00 00 00 00
00 00 00 00 00 00 00 00 00 00 00 00 00 00 00 00
00 00 00 00 00 00 00 00 02 E0 01 A0 02 E0 02 E0
02 E0 02 E0 02 E0 02 E0 02 E0 02 E0 02 E0 02 E0
02 E0 02 E0 02 E0 02 E0 02 E0 02 E0 02 E0 02 E0
02 E0 02 E0 02 E0 02 E0 02 E0 02 E0 02 E0 02 E0
02 E0 02 E0 02 E0 02 E0 02 E0 02 E0 02 E0 02 E0
02 E0 02 E0 02 E0 02 E0 02 E0 02 E0 02 E0 02 E0
02 E0 02 E0 02 E0 02 E0 02 E0 02 E0 02 E0 02 E0
02 E0 02 E0 02 E0 02 E0 02 E0 02 E0 02 E0 02 E0
02 E0 02 E0 02 E0 02 E0 02 E0 02 E0 02 E0 02 E0
02 E0 02 E0 02 E0 02 E0 02 E0 02 E0 02 E0 02 E0
02 E0 02 E0 02 E0 02 E0 02 E0 02 E0 02 E0 02 E0
02 E0 02 E0 02 E0 02 E0 00 00 00 00 8E 29 00 00
8E 29 8E 29 8E 29 8E 29 8E 29 8E 29 8E 29 8E 29
8E 29 8E 21 8E 29 8E 29 8E 29 8E 21 8E 29 8E 29
8E 29 8E 29 8E 29 8E 29 6D 21 8E 29 00 00 00 00
00 00 00 00 00 00 00 00 00 00 00 00 00 00 00 00
00 00 00 00 00 00 00 00 02 E0 02 E0 02 E0 02 E0
02 E0 02 E0 02 E0 02 E0 02 E0 02 E0 02 E0 02 E0
02 E0 02 E0 02 E0 02 E0 02 E0 02 E0 02 E0 02 E0
02 E0 02 E0 02 E0 02 E0 02 E0 02 E0 02 E0 02 E0
02 E0 02 E0 02 E0 02 E0 02 E0 02 E0 02 E0 02 E0
02 E0 02 E0 02 E0 02 E0 02 E0 02 E0 02 E0 02 E0
02 E0 02 E0 02 E0 02 E0 02 E0 02 E0 02 E0 02 E0
02 E0 02 E0 02 E0 02 E0 02 E0 02 E0 02 E0 02 E0
02 E0 02 E0 02 E0 02 E0 02 E0 02 E0 02 E0 02 E0
02 E0 02 E0 02 E0 02 E0 02 E0 02 E0 02 E0 02 E0
02 E0 02 E0 02 E0 02 E0 02 E0 02 E0 02 E0 02 E0
02 E0 02 E0 02 E0 02 E0 00 00 00 00 8E 29 00 00
8E 29 8E 29 8E 29 8E 29 8E 29 8E 29 8E 29 8E 29
8E 29 8E 29 8E 29 8E 29 8E 29 8E 29 8E 29 8E 29
8E 29 8E 29 8E 29 8E 29 8E 29 8E 29 00 00 0C 12
00 00 00 00 00 00 00 00 00 00 00 00 00 00 00 00
00 00 00 00 00 00 00 00 02 E0 02 E0 02 E0 02 E0
02 E0 02 E0 02 E0 02 E0 02 E0 02 E0 02 E0 02 E0
02 E0 02 E0 02 E0 02 E0 02 E0 02 E0 02 E0 02 E0
02 E0 02 E0 02 E0 02 E0 02 E0 02 E0 02 E0 02 E0
02 E0 02 E0 02 E0 02 E0 02 E0 02 E0 02 E0 02 E0
02 E0 02 E0 02 E0 02 E0 02 E0 02 E0 02 E0 02 E0
02 E0 02 E0 02 E0 02 E0 02 E0 02 E0 02 E0 02 E0
02 E0 02 E0 02 E0 02 E0 02 E0 02 E0 02 E0 02 E0
02 E0 02 E0 02 E0 02 E0 02 E0 02 E0 02 E0 02 E0
02 E0 02 E0 02 E0 02 E0 02 E0 02 E0 02 E0 02 E0
02 E0 02 E0 02 E0 02 E0 02 E0 02 E0 02 E0 02 E0
02 E0 02 E0 02 E0 02 E0 00 00 00 00 8E 29 00 00
8E 29 8E 29 8E 29 8E 29 8E 29 8E 29 8E 29 8E 29
8E 29 8E 29 8E 29 8E 29 8E 29 8E 29 8E 29 8E 29
8E 29 8E 29 8E 29 8E 29 8E 29 8E 29 00 00 8E 29
00 00 00 00 00 00 00 00 00 00 00 00 00 00 00 00
00 00 00 00 01 98 00 00 02 E0 02 E0 02 E0 02 E0
02 E0 02 E0 02 E0 02 E0 02 E0 02 E0 02 E0 02 E0
02 E0 02 E0 02 E0 02 E0 02 E0 02 E0 02 E0 02 E0
02 E0 22 E0 02 E0 02 E0 02 E0 02 E0 02 E0 02 E0
02 E0 02 E0 02 E0 02 E0 02 E0 02 E0 02 E0 02 E0
02 E0 02 E0 02 E0 02 E0 02 E0 02 E0 02 E0 02 E0
02 E0 02 E0 02 E0 02 E0 02 E0 02 E0 02 E0 02 E0
02 E0 02 E0 02 E0 02 E0 02 E0 02 E0 02 E0 02 E0
02 E0 02 E0 02 E0 02 E0 02 E0 02 E0 02 E0 02 E0
02 E0 02 E0 02 E0 02 E0 02 E0 02 E0 02 E0 02 E0
02 E0 02 E0 02 E0 02 E0 02 E0 02 E0 02 E0 02 E0
02 E0 02 E0 02 E0 02 E0 00 00 00 00 8E 29 00 00
8E 29 8E 29 8E 29 8E 29 8E 29 8E 29 8E 29 8E 29
8E 29 8E 29 8E 29 8E 29 8E 29 8E 29 8E 29 8E 29
8E 29 8E 29 8E 29 8E 29 8E 29 8E 29 00 00 8E 29
00 00 00 00 00 00 00 00 00 00 00 00 00 00 00 00
00 00 00 00 02 E0 00 00 02 E0 02 E0 02 E0 02 E0
02 E0 02 E0 02 E0 02 E0 02 E0 02 E0 02 E0 02 E0
02 E0 02 E0 02 E0 02 E0 02 E0 02 E0 02 E0 02 E0
02 E0 02 E0 02 E0 02 E0 02 E0 02 E0 02 E0 02 E0
02 E0 02 E0 02 E0 02 E0 02 E0 02 E0 02 E0 02 E0
02 E0 02 E0 02 E0 02 E0 02 E0 02 E0 02 E0 02 E0
02 E0 02 E0 02 E0 02 E0 02 E0 02 E0 02 E0 02 E0
02 E0 02 E0 02 E0 02 E0 02 E0 02 E0 02 E0 02 E0
02 E0 02 E0 02 E0 02 E0 02 E0 02 E0 02 E0 02 E0
02 E0 02 E0 02 E0 02 E0 02 E0 02 E0 02 E0 02 E0
02 E0 02 E0 02 E0 02 E0 02 E0 02 E0 02 E0 02 E0
02 E0 02 E0 02 E0 02 E0 00 00 00 00 8E 29 00 00
8E 29 8E 29 8E 29 8E 29 8E 29 8E 29 8E 29 8E 29
8E 29 8E 29 8E 29 8E 29 8E 29 8E 29 8E 29 8E 29
8E 29 8E 29 8E 29 8E 29 8E 29 8E 29 6E 29 8E 29
00 00 00 00 00 00 00 00 00 00 00 00 00 00 00 00
00 00 00 00 02 E0 00 00 02 E0 02 E0 02 E0 02 E0
02 E0 02 E0 02 E0 02 E0 02 E0 02 E0 02 E0 02 E0
02 E0 02 E0 02 E0 02 E0 02 E0 02 E0 02 E0 02 E0
02 E0 02 E0 02 E0 02 E0 02 E0 02 E0 02 E0 02 E0
02 E0 02 E0 02 E0 02 E0 02 E0 02 E0 02 E0 02 E0
02 E0 02 E0 02 E0 02 E0 02 E0 02 E0 02 E0 02 E0
02 E0 02 E0 02 E0 02 E0 02 E0 02 E0 02 E0 02 E0
02 E0 02 E0 02 E0 02 E0 02 E0 02 E0 02 E0 02 E0
02 E0 02 E0 02 E0 02 E0 02 E0 02 E0 02 E0 02 E0
02 E0 02 E0 02 E0 02 E0 02 E0 02 E0 02 E0 02 E0
02 E0 02 E0 02 E0 02 E0 02 E0 02 E0 02 E0 02 E0
02 E0 02 E0 02 E0 02 E0 00 00 00 00 8E 29 00 00
8E 29 8E 29 8E 29 8E 29 8E 29 8E 29 8E 29 8E 29
8E 29 8E 29 8E 29 8E 29 8E 29 8E 29 8E 29 8E 29
8E 29 8E 29 8E 29 8E 29 8E 29 8E 29 8E 29 8E 29
00 00 00 00 00 00 00 00 00 00 00 00 00 00 00 00
00 00 00 00 02 E0 00 00 02 E0 02 E0 02 E0 02 E0
02 E0 02 E0 02 E0 02 E0 02 E0 02 E0 02 E0 02 E0
02 E0 02 E0 02 E0 02 E0 02 E0 02 E0 02 E0 02 E0
02 E0 02 E0 02 E0 02 E0 02 E0 02 E0 02 E0 02 E0
02 E0 02 E0 02 E0 02 E0 02 E0 02 E0 02 E0 02 E0
02 E0 02 E0 02 E0 02 E0 02 E0 02 E0 02 E0 02 E0
02 E0 02 E0 02 E0 02 E0 02 E0 02 E0 02 E0 02 E0
02 E0 02 E0 02 E0 02 E0 02 E0 02 E0 02 E0 02 E0
02 E0 02 E0 02 E0 02 E0 02 E0 02 E0 02 E0 02 E0
02 E0 02 E0 02 E0 02 E0 02 E0 02 E0 02 E0 02 E0
02 E0 02 E0 02 E0 02 E0 02 E0 02 E0 02 E0 02 E0
02 E0 02 E0 02 E0 02 E0 00 00 00 00 8E 29 00 00
8E 29 8E 29 8E 29 8E 29 8E 29 8E 29 8E 29 8E 29
8E 29 8E 29 8E 29 8E 29 8E 29 8E 29 8E 29 8E 29
8E 29 8E 29 8E 29 8E 29 8E 29 8E 29 8E 29 8E 29
00 00 0A 00 00 00 00 00 00 00 00 00 00 00 00 00
00 00 00 00 02 E0 01 98 02 E0 02 E0 02 E0 02 E0
02 E0 02 E0 02 E0 02 E0 02 E0 02 E0 02 E0 02 E0
02 E0 02 E0 02 E0 02 E0 02 E0 02 E0 02 E0 02 E0
02 E0 02 E0 02 E0 02 E0 02 E0 02 E0 02 E0 02 E0
02 E0 02 E0 02 E0 02 E0 02 E0 02 E0 02 E0 02 E0
02 E0 02 E0 02 E0 02 E0 02 E0 02 E0 02 E0 02 E0
02 E0 02 E0 02 E0 02 E0 02 E0 02 E0 02 E0 02 E0
02 E0 02 E0 02 E0 02 E0 02 E0 02 E0 02 E0 02 E0
02 E0 02 E0 02 E0 02 E0 02 E0 02 E0 02 E0 02 E0
02 E0 02 E0 02 E0 02 E0 02 E0 02 E0 02 E0 02 E0
02 E0 02 E0 02 E0 02 E0 02 E0 02 E0 02 E0 02 E0
02 E0 02 E0 02 E0 02 E0 00 00 00 00 8E 29 00 00
8E 29 8E 29 8E 29 8E 29 8E 29 8E 29 8E 29 8E 29
8E 29 8E 29 8E 29 8E 29 8E 29 8E 29 8E 29 8E 29
8E 29 8E 29 8E 29 8E 29 8E 29 8E 29 8E 29 8E 29
00 00 8E 21 00 00 00 00 00 00 00 00 00 00 00 00
00 00 00 00 02 E0 02 E0 02 E0 02 E0 02 E0 02 E0
02 E0 02 E0 02 E0 02 E0 02 E0 02 E0 02 E0 02 E0
02 E0 02 E0 02 E0 02 E0 02 E0 02 E0 02 E0 02 E0
02 E0 02 E0 02 E0 02 E0 02 E0 02 E0 02 E0 02 E0
02 E0 02 E0 02 E0 02 E0 02 E0 02 E0 02 E0 02 E0
02 E0 02 E0 02 E0 02 E0 02 E0 02 E0 02 E0 02 E0
02 E0 02 E0 02 E0 02 E0 02 E0 02 E0 02 E0 02 E0
02 E0 02 E0 02 E0 02 E0 02 E0 02 E0 02 E0 02 E0
02 E0 02 E0 02 E0 02 E0 02 E0 02 E0 02 E0 02 E0
02 E0 02 E0 02 E0 02 E0 02 E0 02 E0 02 E0 02 E0
02 E0 02 E0 02 E0 02 E0 02 E0 02 E0 02 E0 02 E0
02 E0 02 E0 02 E0 02 E0 00 00 00 00 8E 21 00 00
8E 29 8E 29 8E 29 8E 29 8E 29 8E 29 8E 29 8E 29
8E 29 8E 29 8E 29 8E 29 8E 29 8E 29 8E 29 8E 29
8E 29 8E 29 8E 29 8E 29 8E 29 8E 29 8E 29 8E 29
00 00 8E 29 00 00 00 00 00 00 00 00 00 00 00 00
00 00 00 00 02 E0 02 E0 02 E0 02 E0 02 E0 02 E0
02 E0 02 E0 02 E0 02 E0 02 E0 02 E0 02 E0 02 E0
02 E0 02 E0 02 E0 02 E0 02 E0 02 E0 02 E0 02 E0
02 E0 02 E0 02 E0 02 E0 02 E0 02 E0 02 E0 02 E0
02 E0 02 E0 02 E0 02 E0 02 E0 02 E0 02 E0 02 E0
02 E0 02 E0 02 E0 02 E0 02 E0 02 E0 02 E0 02 E0
02 E0 02 E0 02 E0 02 E0 02 E0 02 E0 02 E0 02 E0
02 E0 02 E0 02 E0 02 E0 02 E0 02 E0 02 E0 02 E0
02 E0 02 E0 02 E0 02 E0 02 E0 02 E0 02 E0 02 E0
02 E0 02 E0 02 E0 02 E0 02 E0 02 E0 02 E0 02 E0
02 E0 02 E0 02 E0 02 E0 02 E0 02 E0 02 E0 02 E0
02 E0 02 E0 02 E0 02 E0 00 00 00 00 8E 29 00 00
8E 29 8E 29 8E 29 8E 29 8E 29 8E 29 8E 29 8E 29
8E 29 8E 29 8E 29 8E 29 8E 29 8E 29 8E 29 8E 29
8E 29 8E 29 8E 29 8E 29 8E 29 8E 29 8E 29 8E 29
8E 21 8E 29 00 00 00 00 00 00 00 00 00 00 00 00
00 00 00 00 02 E0 02 E0 02 E0 02 E0 02 E0 02 E0
02 E0 02 E0 02 E0 02 E0 02 E0 02 E0 02 E0 02 E0
02 E0 02 E0 02 E0 02 E0 02 E0 02 E0 02 E0 02 E0
02 E0 02 E0 02 E0 02 E0 02 E0 02 E0 02 E0 02 E0
02 E0 02 E0 02 E0 02 E0 02 E0 02 E0 02 E0 02 E0
02 E0 02 E0 02 E0 02 E0 02 E0 02 E0 02 E0 02 E0
02 E0 02 E0 02 E0 02 E0 02 E0 02 E0 02 E0 02 E0
02 E0 02 E0 02 E0 02 E0 02 E0 02 E0 02 E0 02 E0
02 E0 02 E0 02 E0 02 E0 02 E0 02 E0 02 E0 02 E0
02 E0 02 E0 02 E0 02 E0 02 E0 02 E0 02 E0 02 E0
02 E0 02 E0 02 E0 02 E0 02 E0 02 E0 02 E0 02 E0
02 E0 02 E0 02 E0 02 E0 00 00 00 00 C6 18 00 00
8E 29 8E 29 8E 29 8E 29 8E 29 8E 29 8E 29 8E 29
8E 29 8E 29 8E 29 8E 29 8E 29 8E 29 8E 29 8E 29
8E 29 8E 29 8E 29 8E 29 8E 29 8E 29 8E 29 8E 29
8E 21 8E 29 00 00 00 00 00 00 00 00 00 00 00 00
02 E0 00 00 02 E0 02 E0 02 E0 02 E0 02 E0 02 E0
02 E0 02 E0 02 E0 02 E0 02 E0 02 E0 02 E0 02 E0
02 E0 02 E0 02 E0 02 E0 02 E0 02 E0 02 E0 02 E0
02 E0 02 E0 02 E0 02 E0 02 E0 02 E0 02 E0 02 E0
02 E0 02 E0 02 E0 02 E0 02 E0 02 E0 02 E0 02 E0
02 E0 02 E0 02 E0 02 E0 02 E0 02 E0 02 E0 02 E0
02 E0 02 E0 02 E0 02 E0 02 E0 02 E0 02 E0 02 E0
02 E0 02 E0 02 E0 02 E0 02 E0 02 E0 02 E0 02 E0
02 E0 02 E0 02 E0 02 E0 02 E0 02 E0 02 E0 02 E0
02 E0 02 E0 02 E0 02 E0 02 E0 02 E0 02 E0 02 E0
02 E0 02 E0 02 E0 02 E0 02 E0 02 E0 02 E0 02 E0
02 E0 02 E0 02 E0 02 E0 00 00 00 00 00 00 00 00
8E 29 8E 29 8E 29 8E 29 8E 29 8E 29 8E 29 8E 29
8E 29 8E 29 8E 29 8E 29 8E 29 8E 29 8E 29 8E 29
8E 29 8E 29 8E 29 8E 29 8E 29 8E 29 8E 29 8E 29
8E 29 8E 29 00 00 00 00 00 00 00 00 00 00 00 00
02 E0 00 00 02 E0 02 E0 02 E0 02 E0 02 E0 02 E0
02 E0 02 E0 02 E0 02 E0 02 E0 02 E0 02 E0 02 E0
02 E0 02 E0 02 E0 02 E0 02 E0 02 E0 02 E0 02 E0
02 E0 02 E0 02 E0 02 E0 02 E0 02 E0 02 E0 02 E0
02 E0 02 E0 02 E0 02 E0 02 E0 02 E0 02 E0 02 E0
02 E0 02 E0 02 E0 02 E0 02 E0 02 E0 02 E0 02 E0
02 E0 02 E0 02 E0 02 E0 02 E0 02 E0 02 E0 02 E0
02 E0 02 E0 02 E0 02 E0 02 E0 02 E0 02 E0 02 E0
02 E0 02 E0 02 E0 02 E0 02 E0 02 E0 02 E0 02 E0
02 E0 02 E0 02 E0 02 E0 02 E0 02 E0 02 E0 02 E0
02 E0 02 E0 02 E0 02 E0 02 E0 02 E0 02 E0 02 E0
02 E0 02 E0 00 00 02 E0 00 00 00 00 00 00 00 00
8E 29 8E 21 8E 29 8E 29 8E 29 8E 29 8E 29 8E 29
8E 29 8E 29 8E 29 8E 29 8E 29 8E 29 8E 29 8E 29
8E 29 8E 29 8E 29 8E 29 8E 29 8E 29 8E 29 8E 29
8E 29 8E 29 00 00 8E 21 00 00 00 00 00 00 00 00
02 B8 00 00 02 B8 02 B8 02 B8 02 B8 02 B8 02 B8
02 B8 02 B8 02 B8 02 B8 02 B8 02 B8 02 B8 02 B8
02 B8 02 B8 02 B8 02 B8 02 B8 02 B8 02 B8 02 B8
02 B8 02 B8 02 B8 02 B8 02 B8 02 B8 02 B8 02 B8
02 B8 02 B8 02 B8 02 B8 02 B8 02 B8 02 B8 02 B8
02 B8 02 B8 02 B8 02 B8 02 B8 02 B8 02 B8 02 B8
02 B8 02 B8 02 B8 02 B8 02 B8 02 B8 02 B8 02 B8
02 B8 02 B8 02 B8 02 B8 02 B8 02 B8 02 B8 02 B8
02 B8 02 B8 02 B8 02 B8 02 B8 02 B8 02 B8 02 B8
02 B8 02 B8 02 B8 02 B8 02 B8 02 B8 02 B8 02 B8
02 B8 02 B8 02 B8 02 B8 02 B8 02 B8 02 B8 02 B8
02 B8 02 B8 00 00 01 C0 00 00 00 00 00 00 00 00
8E 29 00 00 8E 29 8E 29 8E 29 8E 21 8E 29 8E 29
8E 29 8E 21 8E 29 8E 21 8E 29 8E 29 8E 29 8E 21
8E 21 8E 29 8E 29 8E 29 8E 21 8E 29 8E 29 8E 29
8E 21 8E 29 00 00 8E 29 00 00 00 00 00 00 00 00
00 00 00 00 00 00 00 00 00 00 00 00 00 00 00 00
00 00 00 00 00 00 00 00 00 00 00 00 00 00 00 00
00 00 00 00 00 00 00 00 00 00 00 00 00 00 00 00
00 00 00 00 00 00 00 00 00 00 00 00 00 00 00 00
00 00 00 00 00 00 00 00 00 00 00 00 00 00 00 00
00 00 00 00 00 00 00 00 00 00 00 00 00 00 00 00
00 00 00 00 00 00 00 00 00 00 00 00 00 00 00 00
00 00 00 00 00 00 00 00 00 00 00 00 00 00 00 00
00 00 00 00 00 00 00 00 00 00 00 00 00 00 00 00
00 00 00 00 00 00 00 00 00 00 00 00 00 00 00 00
00 00 00 00 00 00 00 00 00 00 00 00 00 00 00 00
00 00 00 00 00 00 00 00 00 00 00 00 00 00 00 00
00 00 00 00 00 00 00 00 00 00 00 00 00 00 00 00
00 00 00 00 00 00 00 00 00 00 00 00 00 00 00 00
00 00 00 00 00 00 00 00 00 00 00 00 00 00 00 00
00 00 00 00 00 00 00 00 00 00 00 00 00 00 00 00
00 00 00 00 00 00 00 00 00 00 00 00 00 00 00 00
00 00 00 00 00 00 00 00 00 00 00 00 00 00 00 00
00 00 00 00 00 00 00 00 00 00 00 00 00 00 00 00
00 00 00 00 00 00 00 00 00 00 00 00 00 00 00 00
00 00 00 00 00 00 00 00 00 00 00 00 00 00 00 00
00 00 00 00 00 00 00 00 00 00 00 00 00 00 00 00
00 00 00 00 00 00 00 00 00 00 00 00 00 00 00 00
00 00 00 00 00 00 00 00 00 00 00 00 00 00 00 00
00 00 00 00 00 00 00 00 00 00 00 00 00 00 00 00
00 00 00 00 00 00 00 00 00 00 00 00 00 00 00 00
00 00 00 00 00 00 00 00 00 00 00 00 00 00 00 00
00 00 00 00 00 00 00 00 00 00 00 00 00 00 00 00
00 00 00 00 00 00 00 00 00 00 00 00 00 00 00 00
00 00 00 00 00 00 00 00 00 00 00 00 00 00 00 00
00 00 00 00 00 00 00 00 00 00 00 00 00 00 00 00
00 00 00 00 00 00 00 00 00 00 00 00 00 00 00 00
00 00 00 00 00 00 00 00 00 00 00 00 00 00 00 00
00 00 00 00 00 00 00 00 00 00 00 00 00 00 00 00
00 00 00 00 00 00 00 00 00 00 00 00 00 00 00 00
00 00 00 00 00 00 00 00 00 00 00 00 00 00 00 00
00 00 00 00 00 00 00 00 00 00 00 00 00 00 00 00
00 00 00 00 00 00 00 00 00 00 00 00 00 00 00 00
00 00 00 00 00 00 00 00 00 00 00 00 00 00 00 00
00 00 00 00 00 00 00 00 00 00 00 00 00 00 00 00
00 00 00 00 00 00 00 00 00 00 00 00 00 00 00 00
00 00 00 00 00 00 00 00 00 00 00 00 00 00 00 00
00 00 00 00 00 00 00 00 00 00 00 00 00 00 00 00
00 00 00 00 00 00 00 00 00 00 00 00 00 00 00 00
00 00 00 00 00 00 00 00 00 00 00 00 00 00 00 00
00 00 00 00 00 00 00 00 00 00 00 00 00 00 00 00
00 00 00 00 00 00 00 00 00 00 00 00 00 00 00 00
00 00 00 00 00 00 00 00 00 00 00 00 00 00 00 00
00 00 00 00 00 00 00 00 00 00 00 00 00 00 00 00
00 00 00 00 00 00 00 00 00 00 00 00 00 00 00 00
00 00 00 00 00 00 00 00 00 00 00 00 00 00 00 00
00 00 00 00 00 00 00 00 00 00 00 00 00 00 00 00
00 00 00 00 00 00 00 00 00 00 00 00 00 00 00 00
00 00 00 00 00 00 00 00 00 00 00 00 00 00 00 00
00 00 00 00 00 00 00 00 00 00 00 00 00 00 00 00
00 00 00 00 00 00 00 00 00 00 00 00 00 00 00 00
00 00 00 00 00 00 00 00 00 00 00 00 00 00 00 00
00 00 00 00 00 00 00 00 00 00 00 00 00 00 00 00
00 00 00 00 00 00 00 00 00 00 00 00 00 00 00 00
00 00 00 00 00 00 00 00 00 00 00 00 00 00 00 00
00 00 00 00 00 00 00 00 00 00 00 00 00 00 00 00
00 00 00 00 00 00 00 00 00 00 00 00 00 00 00 00
00 00 00 00 00 00 00 00 00 00 00 00 00 00 00 00
00 00 00 00 00 00 00 00 00 00 00 00 00 00 00 00
00 00 00 00 00 00 00 00 00 00 00 00 00 00 00 00
00 00 00 00 00 00 00 00 00 00 00 00 00 00 00 00
00 00 00 00 00 00 00 00 00 00 00 00 00 00 00 00
00 00 00 00 00 00 00 00 00 00 00 00 00 00 00 00
00 00 00 00 00 00 00 00 00 00 00 00 00 00 00 00
00 00 00 00 00 00 00 00 00 00 00 00 00 00 00 00
00 00 00 00 00 00 00 00 00 00 00 00 00 00 00 00
00 00 00 00 00 00 00 00 00 00 00 00 00 00 00 00
00 00 00 00 00 00 00 00 00 00 00 00 00 00 00 00
00 00 00 00 00 00 00 00 00 00 00 00 00 00 00 00
00 00 00 00 00 00 00 00 00 00 00 00 00 00 00 00
00 00 00 00 00 00 00 00 00 00 00 00 00 00 00 00
00 00 00 00 00 00 00 00 00 00 00 00 00 00 00 00
00 00 00 00 00 00 00 00 00 00 00 00 00 00 00 00
00 00 00 00 00 00 00 00 00 00 00 00 00 00 00 00
00 00 00 00 00 00 00 00 00 00 00 00 00 00 00 00
00 00 00 00 00 00 00 00 00 00 00 00 00 00 00 00
00 00 00 00 00 00 00 00 00 00 00 00 00 00 00 00
00 00 00 00 00 00 00 00 00 00 00 00 00 00 00 00
00 00 00 00 00 00 00 00 00 00 00 00 00 00 00 00
00 00 00 00 00 00 00 00 00 00 00 00 00 00 00 00
00 00 00 00 00 00 00 00 00 00 00 00 00 00 00 00
00 00 00 00 00 00 00 00 00 00 00 00 00 00 00 00
00 00 00 00 00 00 00 00 00 00 00 00 00 00 00 00
00 00 00 00 00 00 00 00 00 00 00 00 00 00 00 00
00 00 00 00 00 00 00 00 00 00 00 00 00 00 00 00
00 00 00 00 00 00 00 00 00 00 00 00 00 00 00 00
00 00 00 00 00 00 00 00 00 00 00 00 00 00 00 00
00 00 00 00 00 00 00 00 00 00 00 00 00 00 00 00
00 00 00 00 00 00 00 00 00 00 00 00 00 00 00 00
00 00 00 00 00 00 00 00 00 00 00 00 00 00 00 00
00 00 00 00 00 00 00 00 00 00 00 00 00 00 00 00
00 00 00 00 00 00 00 00 00 00 00 00 00 00 00 00
00 00 00 00 00 00 00 00 00 00 00 00 00 00 00 00
00 00 00 00 00 00 00 00 00 00 00 00 00 00 00 00
00 00 00 00 00 00 00 00 00 00 00 00 00 00 00 00
00 00 00 00 00 00 00 00 00 00 00 00 00 00 00 00
00 00 00 00 00 00 00 00 00 00 00 00 00 00 00 00
00 00 00 00 00 00 00 00 00 00 00 00 00 00 00 00
00 00 00 00 00 00 00 00 00 00 00 00 00 00 00 00
00 00 00 00 00 00 00 00 00 00 00 00 00 00 00 00
00 00 00 00 00 00 00 00 00 00 00 00 00 00 00 00
00 00 00 00 00 00 00 00 00 00 00 00 00 00 00 00
00 00 00 00 00 00 00 00 00 00 00 00 00 00 00 00
00 00 00 00 00 00 00 00 00 00 00 00 00 00 00 00
00 00 00 00 00 00 00 00 00 00 00 00 00 00 00 00
00 00 00 00 00 00 00 00 00 00 00 00 00 00 00 00
00 00 00 00 00 00 00 00 00 00 00 00 00 00 00 00
00 00 00 00 00 00 00 00 00 00 00 00 00 00 00 00
00 00 00 00 00 00 00 00 00 00 00 00 00 00 00 00
00 00 00 00 00 00 00 00 00 00 00 00 00 00 00 00
00 00 00 00 00 00 00 00 00 00 00 00 00 00 00 00
00 00 00 00 00 00 00 00 00 00 00 00 00 00 00 00
00 00 00 00 00 00 00 00 00 00 00 00 00 00 00 00
00 00 00 00 00 00 00 00 00 00 00 00 00 00 00 00
00 00 00 00 00 00 00 00 00 00 00 00 00 00 00 00
00 00 00 00 00 00 00 00 00 00 00 00 00 00 00 00
00 00 00 00 00 00 00 00 00 00 00 00 00 00 00 00
00 00 00 00 00 00 00 00 00 00 00 00 00 00 00 00
00 00 00 00 00 00 00 00 00 00 00 00 00 00 00 00
00 00 00 00 00 00 00 00 00 00 00 00 00 00 00 00
00 00 00 00 00 00 00 00 00 00 00 00 00 00 00 00
00 00 00 00 00 00 00 00 00 00 00 00 00 00 00 00
00 00 00 00 00 00 00 00 00 00 00 00 00 00 00 00
00 00 00 00 00 00 00 00 00 00 00 00 00 00 00 00
00 00 00 00 00 00 00 00 00 00 00 00 00 00 00 00
00 00 00 00 00 00 00 00 00 00 00 00 00 00 00 00
00 00 00 00 00 00 00 00 00 00 00 00 00 00 00 00
00 00 00 00 00 00 00 00 00 00 00 00 00 00 00 00
00 00 00 00 00 00 00 00 00 00 00 00 00 00 00 00
00 00 00 00 00 00 00 00 00 00 00 00 00 00 00 00
00 00 00 00 00 00 00 00 00 00 00 00 00 00 00 00
00 00 00 00 00 00 00 00 00 00 00 00 00 00 00 00
00 00 00 00 00 00 00 00 00 00 00 00 00 00 00 00
00 00 00 00 00 00 00 00 00 00 00 00 00 00 00 00
00 00 00 00 00 00 00 00 00 00 00 00 00 00 00 00
00 00 00 00 00 00 00 00 00 00 00 00 00 00 00 00
00 00 00 00 00 00 00 00 00 00 00 00 00 00 00 00
00 00 00 00 00 00 00 00 00 00 00 00 00 00 00 00
00 00 00 00 00 00 00 00 00 00 00 00 00 00 00 00
00 00 00 00 00 00 00 00 00 00 00 00 00 00 00 00
00 00 00 00 00 00 00 00 00 00 00 00 00 00 00 00
00 00 00 00 00 00 00 00 00 00 00 00 00 00 00 00
00 00 00 00 00 00 00 00 00 00 00 00 00 00 00 00
00 00 00 00 00 00 00 00 00 00 00 00 00 00 00 00
00 00 00 00 00 00 00 00 00 00 00 00 00 00 00 00
00 00 00 00 00 00 00 00 00 00 00 00 00 00 00 00
00 00 00 00 00 00 00 00 00 00 00 00 00 00 00 00
00 00 00 00 00 00 00 00 00 00 00 00 00 00 00 00
00 00 00 00 00 00 00 00 00 00 00 00 00 00 00 00
00 00 00 00 00 00 00 00 00 00 00 00 00 00 00 00
00 00 00 00 00 00 00 00 00 00 00 00 00 00 00 00
00 00 00 00 00 00 00 00 00 00 00 00 00 00 00 00
00 00 00 00 00 00 00 00 00 00 00 00 00 00 00 00
00 00 00 00 00 00 00 00 00 00 00 00 00 00 00 00
00 00 00 00 00 00 00 00 00 00 00 00 00 00 00 00
00 00 00 00 00 00 00 00 00 00 00 00 00 00 00 00
00 00 00 00 00 00 00 00 00 00 00 00 00 00 00 00
00 00 00 00 00 00 00 00 00 00 00 00 00 00 00 00
00 00 00 00 00 00 00 00 00 00 00 00 00 00 00 00
00 00 00 00 00 00 00 00 00 00 00 00 00 00 00 00
00 00 00 00 00 00 00 00 00 00 00 00 00 00 00 00
00 00 00 00 00 00 00 00 00 00 00 00 00 00 00 00
00 00 00 00 00 00 00 00 00 00 00 00 00 00 00 00
00 00 00 00 00 00 00 00 00 00 00 00 00 00 00 00
00 00 00 00 00 00 00 00 00 00 00 00 00 00 00 00
00 00 00 00 00 00 00 00 00 00 00 00 00 00 00 00
00 00 00 00 00 00 00 00 00 00 00 00 00 00 00 00
00 00 00 00 00 00 00 00 00 00 00 00 00 00 00 00
00 00 00 00 00 00 00 00 00 00 00 00 00 00 00 00
00 00 00 00 00 00 00 00 00 00 00 00 00 00 00 00
00 00 00 00 00 00 00 00 00 00 00 00 00 00 00 00
00 00 00 00 00 00 00 00 00 00 00 00 00 00 00 00
00 00 00 00 00 00 00 00 00 00 00 00 00 00 00 00
00 00 00 00 00 00 00 00 00 00 00 00 00 00 00 00
00 00 00 00 00 00 00 00 00 00 00 00 00 00 00 00
00 00 00 00 00 00 00 00 00 00 00 00 00 00 00 00
00 00 00 00 00 00 00 00 00 00 00 00 00 00 00 00
00 00 00 00 00 00 00 00 00 00 00 00 00 00 00 00
00 00 00 00 00 00 00 00 00 00 00 00 00 00 00 00
00 00 00 00 00 00 00 00 00 00 00 00 00 00 00 00
00 00 00 00 00 00 00 00 00 00 00 00 00 00 00 00
00 00 00 00 00 00 00 00 00 00 00 00 00 00 00 00
00 00 00 00 00 00 00 00 00 00 00 00 00 00 00 00
00 00 00 00 00 00 00 00 00 00 00 00 00 00 00 00
00 00 00 00 00 00 00 00 00 00 00 00 00 00 00 00
00 00 00 00 00 00 00 00 00 00 00 00 00 00 00 00
00 00 00 00 00 00 00 00 00 00 00 00 00 00 00 00
00 00 00 00 00 00 00 00 00 00 00 00 00 00 00 00
00 00 00 00 00 00 00 00 00 00 00 00 00 00 00 00
00 00 00 00 00 00 00 00 00 00 00 00 00 00 00 00
00 00 00 00 00 00 00 00 00 00 00 00 00 00 00 00
00 00 00 00 00 00 00 00 00 00 00 00 00 00 00 00
00 00 00 00 00 00 00 00 00 00 00 00 00 00 00 00
00 00 00 00 00 00 00 00 00 00 00 00 00 00 00 00
00 00 00 00 00 00 00 00 00 00 00 00 00 00 00 00
00 00 00 00 00 00 00 00 00 00 00 00 00 00 00 00
00 00 00 00 00 00 00 00 00 00 00 00 00 00 00 00
00 00 00 00 00 00 00 00 00 00 00 00 00 00 00 00
00 00 00 00 00 00 00 00 00 00 00 00 00 00 00 00
00 00 00 00 00 00 00 00 00 00 00 00 00 00 00 00
00 00 00 00 00 00 00 00 00 00 00 00 00 00 00 00
00 00 00 00 00 00 00 00 00 00 00 00 00 00 00 00
00 00 00 00 00 00 00 00 00 00 00 00 00 00 00 00
00 00 00 00 00 00 00 00 00 00 00 00 00 00 00 00
00 00 00 00 00 00 00 00 00 00 00 00 00 00 00 00
00 00 00 00 00 00 00 00 00 00 00 00 00 00 00 00
00 00 00 00 00 00 00 00 00 00 00 00 00 00 00 00
00 00 00 00 00 00 00 00 00 00 00 00 00 00 00 00
00 00 00 00 00 00 00 00 00 00 00 00 00 00 00 00
00 00 00 00 00 00 00 00 00 00 00 00 00 00 00 00
00 00 00 00 00 00 00 00 00 00 00 00 00 00 00 00
00 00 00 00 00 00 00 00 00 00 00 00 00 00 00 00
00 00 00 00 00 00 00 00 00 00 00 00 00 00 00 00
00 00 00 00 00 00 00 00 00 00 00 00 00 00 00 00
00 00 00 00 00 00 00 00 00 00 00 00 00 00 00 00
00 00 00 00 00 00 00 00 00 00 00 00 00 00 00 00
00 00 00 00 00 00 00 00 00 00 00 00 00 00 00 00
00 00 00 00 00 00 00 00 00 00 00 00 00 00 00 00
00 00 00 00 00 00 00 00 00 00 00 00 00 00 00 00
00 00 00 00 00 00 00 00 00 00 00 00 00 00 00 00
00 00 00 00 00 00 00 00 00 00 00 00 00 00 00 00
00 00 00 00 00 00 00 00 00 00 00 00 00 00 00 00
00 00 00 00 00 00 00 00 00 00 00 00 00 00 00 00
00 00 00 00 00 00 00 00 00 00 00 00 00 00 00 00
00 00 00 00 00 00 00 00 00 00 00 00 00 00 00 00
00 00 00 00 00 00 00 00 00 00 00 00 00 00 00 00
00 00 00 00 00 00 00 00 00 00 00 00 00 00 00 00
00 00 00 00 00 00 00 00 00 00 00 00 00 00 00 00
00 00 00 00 00 00 00 00 00 00 00 00 00 00 00 00
00 00 00 00 00 00 00 00 00 00 00 00 00 00 00 00
00 00 00 00 00 00 00 00 00 00 00 00 00 00 00 00
00 00 00 00 00 00 00 00 00 00 00 00 00 00 00 00
00 00 00 00 00 00 00 00 00 00 00 00 00 00 00 00
00 00 00 00 00 00 00 00 00 00 00 00 00 00 00 00
00 00 00 00 00 00 00 00 00 00 00 00 00 00 00 00
00 00 00 00 00 00 00 00 00 00 00 00 00 00 00 00
00 00 00 00 00 00 00 00 00 00 00 00 00 00 00 00
00 00 00 00 00 00 00 00 00 00 00 00 00 00 00 00
00 00 00 00 00 00 00 00 00 00 00 00 00 00 00 00
00 00 00 00 00 00 00 00 00 00 00 00 00 00 00 00
00 00 00 00 00 00 00 00 00 00 00 00 00 00 00 00
00 00 00 00 00 00 00 00 00 00 00 00 00 00 00 00
00 00 00 00 00 00 00 00 00 00 00 00 00 00 00 00
00 00 00 00 00 00 00 00 00 00 00 00 00 00 00 00
00 00 00 00 00 00 00 00 00 00 00 00 00 00 00 00
00 00 00 00 00 00 00 00 00 00 00 00 00 00 00 00
00 00 00 00 00 00 00 00 00 00 00 00 00 00 00 00
00 00 00 00 00 00 00 00 00 00 00 00 00 00 00 00
00 00 00 00 00 00 00 00 00 00 00 00 00 00 00 00
00 00 00 00 00 00 00 00 00 00 00 00 00 00 00 00
00 00 00 00 00 00 00 00 00 00 00 00 00 00 00 00
00 00 00 00 00 00 00 00 00 00 00 00 00 00 00 00
00 00 00 00 00 00 00 00 00 00 00 00 00 00 00 00
00 00 00 00 00 00 00 00 00 00 00 00 00 00 00 00
00 00 00 00 00 00 00 00 00 00 00 00 00 00 00 00
00 00 00 00 00 00 00 00 00 00 00 00 00 00 00 00
00 00 00 00 00 00 00 00 00 00 00 00 00 00 00 00
00 00 00 00 00 00 00 00 00 00 00 00 00 00 00 00
00 00 00 00 00 00 00 00 00 00 00 00 00 00 00 00
00 00 00 00 00 00 00 00 00 00 00 00 00 00 00 00
00 00 00 00 00 00 00 00 00 00 00 00 00 00 00 00
00 00 00 00 00 00 00 00 00 00 00 00 00 00 00 00
00 00 00 00 00 00 00 00 00 00 00 00 00 00 00 00
00 00 00 00 00 00 00 00 00 00 00 00 00 00 00 00
00 00 00 00 00 00 00 00 00 00 00 00 00 00 00 00
00 00 00 00 00 00 00 00 00 00 00 00 00 00 00 00
00 00 00 00 00 00 00 00 00 00 00 00 00 00 00 00
00 00 00 00 00 00 00 00 00 00 00 00 00 00 00 00
00 00 00 00 00 00 00 00 00 00 00 00 00 00 00 00
00 00 00 00 00 00 00 00 00 00 00 00 00 00 00 00
00 00 00 00 00 00 00 00 00 00 00 00 00 00 00 00
00 00 00 00 00 00 00 00 00 00 00 00 00 00 00 00
00 00 00 00 00 00 00 00 00 00 00 00 00 00 00 00
00 00 00 00 00 00 00 00 00 00 00 00 00 00 00 00
00 00 00 00 00 00 00 00 00 00 00 00 00 00 00 00
00 00 00 00 00 00 00 00 00 00 00 00 00 00 00 00
00 00 00 00 00 00 00 00 00 00 00 00 00 00 00 00
00 00 00 00 00 00 00 00 00 00 00 00 00 00 00 00
00 00 00 00 00 00 00 00 00 00 00 00 00 00 00 00
00 00 00 00 00 00 00 00 00 00 00 00 00 00 00 00
00 00 00 00 00 00 00 00 00 00 00 00 00 00 00 00
00 00 00 00 00 00 00 00 00 00 00 00 00 00 00 00
00 00 00 00 00 00 00 00 00 00 00 00 00 00 00 00
00 00 00 00 00 00 00 00 00 00 00 00 00 00 00 00
00 00 00 00 00 00 00 00 00 00 00 00 00 00 00 00
00 00 00 00 00 00 00 00 00 00 00 00 00 00 00 00
00 00 00 00 00 00 00 00 00 00 00 00 00 00 00 00
00 00 00 00 00 00 00 00 00 00 00 00 00 00 00 00
00 00 00 00 00 00 00 00 00 00 00 00 00 00 00 00
00 00 00 00 00 00 00 00 00 00 00 00 00 00 00 00
00 00 00 00 00 00 00 00 00 00 00 00 00 00 00 00
00 00 00 00 00 00 00 00 00 00 00 00 00 00 00 00
00 00 00 00 00 00 00 00 00 00 00 00 00 00 00 00
00 00 00 00 00 00 00 00 00 00 00 00 00 00 00 00
00 00 00 00 00 00 00 00 00 00 00 00 00 00 00 00
00 00 00 00 00 00 00 00 00 00 00 00 00 00 00 00
00 00 00 00 00 00 00 00 00 00 00 00 00 00 00 00
00 00 00 00 00 00 00 00 00 00 00 00 00 00 00 00
00 00 00 00 00 00 00 00 00 00 00 00 00 00 00 00
00 00 00 00 00 00 00 00 00 00 00 00 00 00 00 00
00 00 00 00 00 00 00 00 00 00 00 00 00 00 00 00
00 00 00 00 00 00 00 00 00 00 00 00 00 00 00 00
00 00 00 00 00 00 00 00 00 00 00 00 00 00 00 00
00 00 00 00 00 00 00 00 00 00 00 00 00 00 00 00
00 00 00 00 00 00 00 00 00 00 00 00 00 00 00 00
00 00 00 00 00 00 00 00 00 00 00 00 00 00 00 00
00 00 00 00 00 00 00 00 00 00 00 00 00 00 00 00
00 00 00 00 00 00 00 00 00 00 00 00 00 00 00 00
00 00 00 00 00 00 00 00 00 00 00 00 00 00 00 00
00 00 00 00 00 00 00 00 00 00 00 00 00 00 00 00
00 00 00 00 00 00 00 00 00 00 00 00 00 00 00 00
00 00 00 00 00 00 00 00 00 00 00 00 00 00 00 00
00 00 00 00 00 00 00 00 00 00 00 00 00 00 00 00
00 00 00 00 00 00 00 00 00 00 00 00 00 00 00 00
00 00 00 00 00 00 00 00 00 00 00 00 00 00 00 00
00 00 00 00 00 00 00 00 00 00 00 00 00 00 00 00
00 00 00 00 00 00 00 00 00 00 00 00 00 00 00 00
00 00 00 00 00 00 00 00 00 00 00 00 00 00 00 00
00 00 00 00 00 00 00 00 00 00 00 00 00 00 00 00
00 00 00 00 00 00 00 00 00 00 00 00 00 00 00 00
00 00 00 00 00 00 00 00 00 00 00 00 00 00 00 00
00 00 00 00 00 00 00 00 00 00 00 00 00 00 00 00
00 00 00 00 00 00 00 00 00 00 00 00 00 00 00 00
00 00 00 00 00 00 00 00 00 00 00 00 00 00 00 00
00 00 00 00 00 00 00 00 00 00 00 00 00 00 00 00
00 00 00 00 00 00 00 00 00 00 00 00 00 00 00 00
00 00 00 00 00 00 00 00 00 00 00 00 00 00 00 00
00 00 00 00 00 00 00 00 00 00 00 00 00 00 00 00
00 00 00 00 00 00 00 00 00 00 00 00 00 00 00 00
00 00 00 00 00 00 00 00 00 00 00 00 00 00 00 00
00 00 00 00 00 00 00 00 78 10 00 30 90 11 00 30
2C 10 00 30 2C 10 00 30 2C 10 00 30 2C 10 00 30
90 11 00 30 2C 10 00 30 2C 10 00 30 34 11 00 30
2C 10 00 30 2C 10 00 30 2C 10 00 30 DC 10 00 30
2C 10 00 30 2C 10 00 30 94 10 00 30 2C 10 00 30
90 11 00 30 2C 10 00 30 2C 10 00 30 B4 10 00 30
E4 12 00 30 58 13 00 30 8C 12 00 30 8C 12 00 30
8C 12 00 30 8C 12 00 30 58 13 00 30 8C 12 00 30
8C 12 00 30 EC 14 00 30 8C 12 00 30 8C 12 00 30
8C 12 00 30 74 14 00 30 8C 12 00 30 8C 12 00 30
10 13 00 30 8C 12 00 30 AC 13 00 30 8C 12 00 30
8C 12 00 30 EC 13 00 30 52 43 20 4D 4F 44 45 3A
20 48 57 2D 55 41 52 54 31 20 52 58 20 40 39 36
30 30 0A 00 52 43 20 52 65 61 64 79 00 00 00 00
4C 2D 53 50 44 3A 00 00 52 2D 53 50 44 3A 00 00
50 57 4D 2D 4C 3A 00 00 50 57 4D 2D 52 3A 00 00
53 50 44 3D 00 00 00 00 54 52 49 4D 3D 00 00 00
0A 00 00 00 30 31 32 33 34 35 36 37 38 39 41 42
43 44 45 46 00 00 00 00 30 31 32 33 34 35 36 37
38 39 61 62 63 64 65 66 00 00 00 00 28 6E 75 6C
6C 29 00 00 49 32 43 3A 20 77 72 69 74 65 20 62
79 74 65 20 6E 6F 20 61 63 6B 0A 00 49 32 43 3A
20 73 74 61 72 74 20 72 65 61 64 20 6E 6F 20 61
63 6B 0A 00 49 32 43 3A 20 72 65 61 64 20 62 79
74 65 20 6E 6F 20 61 63 6B 0A 00 00 71 73 70 69
5F 73 74 61 74 75 73 3A 20 25 78 0A 00 00 00 00
71 73 70 69 5F 69 6E 74 63 66 67 3A 20 25 78 0A
00 00 00 00 71 73 70 69 5F 64 75 6D 3A 20 25 78
0A 00 00 00 71 73 70 69 5F 63 6C 6B 64 69 76 3A
20 25 78 0A 00 00 00 00 61 66 74 65 72 20 66 72
61 6D 65 20 72 61 74 65 20 69 6E 69 74 0A 00 00
61 66 74 65 72 20 70 6F 77 65 72 20 73 65 71 75
65 6E 63 65 20 69 6E 69 74 0A 00 00 61 66 74 65
72 20 67 61 6D 6D 61 20 73 65 71 75 65 6E 63 65
20 69 6E 69 74 0A 00 00 54 46 54 20 69 6E 69 74
20 64 6F 6E 65 0A 00 00
@30014038
00 00 00 00 02 00 00 00 00 00 00 00 00 00 01 00
80 00 00 00 80 00 00 00 00 00 00 00 02 03 00 00
A0 0F B8 03
